tournament_url,tournament_name,country_id,country_name,tournament_id,tournament_stage_id,tournament_template_id,season_id,tournament_stages_json
/football/spain/laliga/,LaLiga,176,Spain,UkksTK1s,vcm2MhGk,QVmLl54o,187,"[{""tournament_stage_id"": ""vcm2MhGk"", ""name"": ""Main""}]"
/football/spain/laliga2/,LaLiga2,176,Spain,bJ6JSbWg,zPtBKWp2,vZiPmPJi,187,"[{""tournament_stage_id"": ""zPtBKWp2"", ""name"": ""Main""}]"
/football/spain/primera-rfef-group-1/,Primera RFEF - Group 1,176,Spain,dWgNupcf,W6WzKfZ2,Q1n2ONwf,187,"[{""tournament_stage_id"": ""W6WzKfZ2"", ""name"": ""Main""}]"
/football/spain/primera-rfef-group-2/,Primera RFEF - Group 2,176,Spain,rihiuOR6,Sv9hGCYR,8Qy7Nsg0,187,"[{""tournament_stage_id"": ""Sv9hGCYR"", ""name"": ""Main""}]"
/football/spain/primera-rfef-play-offs/,Primera RFEF - Play Offs,176,Spain,xjo0w2dJ,bNaOAjdk,j19c2DN8,184,"[{""tournament_stage_id"": ""bNaOAjdk"", ""name"": ""Main""}]"
/football/spain/primera-rfef-promotion-play-offs/,Primera RFEF - Promotion Play Offs,176,Spain,2VP4ychA,SpWBS710,AaHEFP1H,184,"[{""tournament_stage_id"": ""SpWBS710"", ""name"": ""Main""}]"
/football/spain/segunda-rfef-group-1/,Segunda RFEF - Group 1,176,Spain,4vlCg1BC,UqyaEP2s,04200qZc,187,"[{""tournament_stage_id"": ""UqyaEP2s"", ""name"": ""Main""}]"
/football/spain/segunda-rfef-group-2/,Segunda RFEF - Group 2,176,Spain,SntUtutP,QXgmt21t,ve14a3l4,187,"[{""tournament_stage_id"": ""QXgmt21t"", ""name"": ""Main""}]"
/football/spain/segunda-rfef-group-3/,Segunda RFEF - Group 3,176,Spain,CbMpoiht,bV9CxK05,dbCBmN3A,187,"[{""tournament_stage_id"": ""bV9CxK05"", ""name"": ""Main""}]"
/football/spain/segunda-rfef-group-4/,Segunda RFEF - Group 4,176,Spain,pCKhqVMh,hS3YkJFb,v7ZNnsJG,187,"[{""tournament_stage_id"": ""hS3YkJFb"", ""name"": ""Main""}]"
/football/spain/segunda-rfef-group-5/,Segunda RFEF - Group 5,176,Spain,OjXVr9i5,vgBO4IUi,E5VZ3DwB,187,"[{""tournament_stage_id"": ""vgBO4IUi"", ""name"": ""Main""}]"
/football/spain/segunda-rfef-promotion-play-offs/,Segunda RFEF - Promotion Play Offs,176,Spain,Ig2NG6y8,SEs6tRVa,8d9trHU2,184,"[{""tournament_stage_id"": ""SEs6tRVa"", ""name"": ""Main""}]"
/football/spain/segunda-rfef-play-out/,Segunda RFEF - Play Out,176,Spain,C4ktPxAK,MysAuoo6,bwbQIDxd,184,"[{""tournament_stage_id"": ""MysAuoo6"", ""name"": ""Main""}]"
/football/spain/tercera-rfef-group-1/,Tercera RFEF - Group 1,176,Spain,fZmDdQ5N,MBcSgqS7,Cnf2k8It,187,"[{""tournament_stage_id"": ""MBcSgqS7"", ""name"": ""Main""}]"
/football/spain/tercera-rfef-group-2/,Tercera RFEF - Group 2,176,Spain,UBfdUFuR,b1jYrytS,2ymFn62a,187,"[{""tournament_stage_id"": ""b1jYrytS"", ""name"": ""Main""}]"
/football/spain/tercera-rfef-group-3/,Tercera RFEF - Group 3,176,Spain,I1fyPg3l,jaVCygY1,ppARoQH5,187,"[{""tournament_stage_id"": ""jaVCygY1"", ""name"": ""Main""}]"
/football/spain/tercera-rfef-group-4/,Tercera RFEF - Group 4,176,Spain,4Mh5OXX0,M332dzeL,W44inpXB,187,"[{""tournament_stage_id"": ""M332dzeL"", ""name"": ""Main""}]"
/football/spain/tercera-rfef-group-5/,Tercera RFEF - Group 5,176,Spain,0lnEMB2D,IJ6kkhme,Ae3eo4nI,187,"[{""tournament_stage_id"": ""IJ6kkhme"", ""name"": ""Main""}]"
/football/spain/tercera-rfef-group-6/,Tercera RFEF - Group 6,176,Spain,d0c8pFfK,8UAhBZ9E,hKh0pO1O,187,"[{""tournament_stage_id"": ""8UAhBZ9E"", ""name"": ""Main""}]"
/football/spain/tercera-rfef-group-7/,Tercera RFEF - Group 7,176,Spain,GCfsUhIs,EDfsi5Oa,6Nd4qrHU,187,"[{""tournament_stage_id"": ""EDfsi5Oa"", ""name"": ""Main""}]"
/football/spain/tercera-rfef-group-8/,Tercera RFEF - Group 8,176,Spain,SfMcSWnf,hvOkmNNO,n1dI4Rnt,187,"[{""tournament_stage_id"": ""hvOkmNNO"", ""name"": ""Main""}]"
/football/spain/tercera-rfef-group-9/,Tercera RFEF - Group 9,176,Spain,lAA6QAH6,8zGG54wg,QieM3o2n,187,"[{""tournament_stage_id"": ""8zGG54wg"", ""name"": ""Main""}]"
/football/spain/tercera-rfef-group-10/,Tercera RFEF - Group 10,176,Spain,djv8Eoj4,0WyEUP3K,MNpm45Hh,187,"[{""tournament_stage_id"": ""0WyEUP3K"", ""name"": ""Main""}]"
/football/spain/tercera-rfef-group-11/,Tercera RFEF - Group 11,176,Spain,6uvBBPKG,fgDmMsdf,0Eqi3PWb,187,"[{""tournament_stage_id"": ""fgDmMsdf"", ""name"": ""Main""}]"
/football/spain/tercera-rfef-group-12/,Tercera RFEF - Group 12,176,Spain,xS0rgH4k,OY44IaeJ,fyqe2qn5,187,"[{""tournament_stage_id"": ""OY44IaeJ"", ""name"": ""Main""}]"
/football/spain/tercera-rfef-group-13/,Tercera RFEF - Group 13,176,Spain,ClkDheZ1,vVdVzsBm,M1gg031B,187,"[{""tournament_stage_id"": ""vVdVzsBm"", ""name"": ""Main""}]"
/football/spain/tercera-rfef-group-14/,Tercera RFEF - Group 14,176,Spain,4SgGExdL,4MsKM2Di,4QrbaNGH,187,"[{""tournament_stage_id"": ""4MsKM2Di"", ""name"": ""Main""}]"
/football/spain/tercera-rfef-group-15/,Tercera RFEF - Group 15,176,Spain,dEbGAGJr,zicqJKCG,rHs2bsWN,187,"[{""tournament_stage_id"": ""zicqJKCG"", ""name"": ""Main""}]"
/football/spain/tercera-rfef-group-16/,Tercera RFEF - Group 16,176,Spain,hthP8fle,IF8JXJR9,josSb1oU,187,"[{""tournament_stage_id"": ""IF8JXJR9"", ""name"": ""Main""}]"
/football/spain/tercera-rfef-group-17/,Tercera RFEF - Group 17,176,Spain,QgjX6YI7,EVB6QyKq,hfTgfLgo,187,"[{""tournament_stage_id"": ""EVB6QyKq"", ""name"": ""Main""}]"
/football/spain/tercera-rfef-group-18/,Tercera RFEF - Group 18,176,Spain,OEilWyBE,Q3z9nJt3,0pIr3Dco,187,"[{""tournament_stage_id"": ""Q3z9nJt3"", ""name"": ""Main""}]"
/football/spain/tercera-rfef-promotion-play-offs/,Tercera RFEF - Promotion Play Offs,176,Spain,K4BdkgWt,GCVf6saB,KCcAmnmg,184,"[{""tournament_stage_id"": ""GCVf6saB"", ""name"": ""Main""}]"
/football/spain/copa-del-rey/,Copa del Rey,176,Spain,pIDAYtvK,8AQUv1WG,lnb8EJRp,187,"[{""tournament_stage_id"": ""8AQUv1WG"", ""name"": ""Main""}]"
/football/spain/copa-federacion/,Copa Federacion,176,Spain,GW45mX0g,UF9fNfi0,0vEaiVJU,182,"[{""tournament_stage_id"": ""UF9fNfi0"", ""name"": ""Main""}]"
/football/spain/super-cup/,Super Cup,176,Spain,OvNQ0Uyn,h8sUt6r2,YTYRo1YM,185,"[{""tournament_stage_id"": ""h8sUt6r2"", ""name"": ""Main""}]"
/football/spain/kings-league-spain/,Kings League - Spain,176,Spain,COOwHoS9,6FgFZgsA,QXh69gEb,187,"[{""tournament_stage_id"": ""6FgFZgsA"", ""name"": ""Main""}]"
/football/spain/liga-f-women/,Liga F Women,176,Spain,QaFYaEr9,IFb3JQNM,OG5aZV0d,187,"[{""tournament_stage_id"": ""IFb3JQNM"", ""name"": ""Main""}]"
/football/spain/primera-federacion-women/,Primera Federacion Women,176,Spain,Wbs6s6Ss,2mzzE4op,ERlL7EZK,187,"[{""tournament_stage_id"": ""2mzzE4op"", ""name"": ""Main""}]"
/football/spain/copa-de-la-reina-women/,Copa de la Reina Women,176,Spain,EgcGAwnD,8Q8DtN14,AwN0lsm8,187,"[{""tournament_stage_id"": ""8Q8DtN14"", ""name"": ""Main""}]"
/football/spain/super-cup-women/,Super Cup Women,176,Spain,K6GZb86b,CYmP49z9,6o9Kmz5C,187,"[{""tournament_stage_id"": ""CYmP49z9"", ""name"": ""Main""}]"
/football/albania/abissnet-superiore/,Abissnet Superiore,17,Albania,QLlHEHqJ,8ECkLGL5,nwPDBpVc,187,"[{""tournament_stage_id"": ""8ECkLGL5"", ""name"": ""Main""}]"
/football/albania/kategoria-e-pare/,Kategoria e Parë,17,Albania,hpUMJjjB,C46PTuGG,OQQL95Wn,187,"[{""tournament_stage_id"": ""C46PTuGG"", ""name"": ""Main""}]"
/football/albania/albanian-cup/,Albanian Cup,17,Albania,pr91C8ro,lU1bp10c,MyD3Jn1A,187,"[{""tournament_stage_id"": ""lU1bp10c"", ""name"": ""Main""}]"
/football/albania/super-cup/,Super Cup,17,Albania,IeB2XYTB,CfkETwQi,4pzGI6GG,182,"[{""tournament_stage_id"": ""CfkETwQi"", ""name"": ""Main""}]"
/football/algeria/ligue-1/,Ligue 1,18,Algeria,WCbTWTZG,Iylbph6E,zLQAGOBK,187,"[{""tournament_stage_id"": ""Iylbph6E"", ""name"": ""Main""}]"
/football/algeria/ligue-2/,Ligue 2,18,Algeria,6ZnbW74T,E3s7rWzR,MJijSTCe,187,"[{""tournament_stage_id"": ""E3s7rWzR"", ""name"": ""Main""}]"
/football/algeria/algeria-cup/,Algeria Cup,18,Algeria,hYihlTlA,zofuo5sJ,6mNsUS0p,187,"[{""tournament_stage_id"": ""zofuo5sJ"", ""name"": ""Main""}]"
/football/algeria/super-cup/,Super Cup,18,Algeria,t4jCVTl1,KShqxl1D,OlBtnw1A,187,"[{""tournament_stage_id"": ""KShqxl1D"", ""name"": ""Main""}]"
/football/algeria/u21-league/,U21 League,18,Algeria,8ATJQT5i,ph5wQePG,OQFdPlNR,184,"[{""tournament_stage_id"": ""ph5wQePG"", ""name"": ""Main""}]"
/football/andorra/primera-divisio/,Primera Divisió,19,Andorra,vPA526YF,O89LE3B5,E7DwJSo4,187,"[{""tournament_stage_id"": ""O89LE3B5"", ""name"": ""Main""}]"
/football/andorra/andorra-cup/,Andorra Cup,19,Andorra,U1Xs2p3S,QZU1fZPj,SKvdUpoT,187,"[{""tournament_stage_id"": ""QZU1fZPj"", ""name"": ""Main""}]"
/football/andorra/super-cup/,Super Cup,19,Andorra,fRVVNRkA,6o0CtH9c,n9PKHQVM,182,"[{""tournament_stage_id"": ""6o0CtH9c"", ""name"": ""Main""}]"
/football/angola/girabola/,Girabola,20,Angola,rg9z4EC4,hYzpjRb3,YynSfzO1,187,"[{""tournament_stage_id"": ""hYzpjRb3"", ""name"": ""Main""}]"
/football/angola/super-cup/,Super Cup,20,Angola,Kjm4iDlI,t4lTrOft,lGLitwgU,182,"[{""tournament_stage_id"": ""t4lTrOft"", ""name"": ""Main""}]"
/football/antigua-barbuda/abfa-premier-league/,ABFA Premier League,21,Antigua & Barbuda,l4XqdAZj,tALXrzcf,jNIGMExd,187,"[{""tournament_stage_id"": ""tALXrzcf"", ""name"": ""Main""}]"
/football/armenia/premier-league/,Premier League,23,Armenia,0IeoV2YH,SpCaRE0E,I5wWW4UM,187,"[{""tournament_stage_id"": ""SpCaRE0E"", ""name"": ""Main""}]"
/football/armenia/first-league/,First League,23,Armenia,MXqfTt3U,6mw532EO,88zrouK3,187,"[{""tournament_stage_id"": ""6mw532EO"", ""name"": ""Main""}]"
/football/armenia/armenian-cup/,Armenian Cup,23,Armenia,bN6Kmpln,lWWNN5at,p0RNP4gp,187,"[{""tournament_stage_id"": ""lWWNN5at"", ""name"": ""Main""}]"
/football/armenia/super-cup/,Super Cup,23,Armenia,2cjKowSH,K6RYnYlK,OjQROO8j,182,"[{""tournament_stage_id"": ""K6RYnYlK"", ""name"": ""Main""}]"
/football/aruba/division-di-honor/,Division di Honor,229,Aruba,6sBEqtIN,lzDMYMDb,htKvweNB,187,"[{""tournament_stage_id"": ""UXdLzqqn"", ""name"": ""Main""}, {""tournament_stage_id"": ""lzDMYMDb"", ""name"": ""Winners stage""}, {""tournament_stage_id"": ""MXSoVvDN"", ""name"": ""Relegation""}]"
/football/australia/a-league/,A-League,24,Australia,KA2u2NXi,ADPCmMSi,OjWW1naM,187,"[{""tournament_stage_id"": ""ADPCmMSi"", ""name"": ""Main""}]"
/football/australia/npl-act/,NPL ACT,24,Australia,6FIQauXG,jyqprIdT,r7Zd73Ph,185,"[{""tournament_stage_id"": ""jyqprIdT"", ""name"": ""Main""}]"
/football/australia/npl-northern-nsw/,NPL Northern NSW,24,Australia,vTGYcJ1T,ddEdaaCc,xUY06Nva,185,"[{""tournament_stage_id"": ""ddEdaaCc"", ""name"": ""Main""}]"
/football/australia/npl-nsw/,NPL NSW,24,Australia,U3U150Hc,E5jcajIE,IDVz16ES,185,"[{""tournament_stage_id"": ""E5jcajIE"", ""name"": ""Main""}]"
/football/australia/npl-queensland/,NPL Queensland,24,Australia,jJIA3vnA,Iochjnu1,G8PFBMll,185,"[{""tournament_stage_id"": ""Iochjnu1"", ""name"": ""Main""}]"
/football/australia/npl-south-australia/,NPL South Australia,24,Australia,vV3CnWVr,8CTmCT1K,AVOJAt4f,185,"[{""tournament_stage_id"": ""8CTmCT1K"", ""name"": ""Main""}]"
/football/australia/npl-tasmania/,NPL Tasmania,24,Australia,6seTrlV7,8bzIJp9m,U3Vh8qAn,185,"[{""tournament_stage_id"": ""8bzIJp9m"", ""name"": ""Main""}]"
/football/australia/npl-victoria/,NPL Victoria,24,Australia,CSah6ViR,GEvjEtwP,lfZXonNq,185,"[{""tournament_stage_id"": ""GEvjEtwP"", ""name"": ""Main""}]"
/football/australia/npl-western-australia/,NPL Western Australia,24,Australia,0IaX09Fl,WAWGWNhg,bRZ9b6xj,185,"[{""tournament_stage_id"": ""WAWGWNhg"", ""name"": ""Main""}]"
/football/australia/npl-finals-series/,NPL Finals Series,24,Australia,YHSOtf32,8UHQ37ns,0CiRNVaB,157,"[{""tournament_stage_id"": ""8UHQ37ns"", ""name"": ""Main""}]"
/football/australia/capital-premier-league/,Capital Premier League,24,Australia,tbM3lLbd,IaxIzCy2,WOImkHIt,182,"[{""tournament_stage_id"": ""IaxIzCy2"", ""name"": ""Main""}, {""tournament_stage_id"": ""xQrDbFT8"", ""name"": ""Play Offs""}]"
/football/australia/northern-nsw-state-league/,Northern NSW State League,24,Australia,xzqaFnaf,rgOss0O8,jsXtoDnI,185,"[{""tournament_stage_id"": ""rgOss0O8"", ""name"": ""Main""}]"
/football/australia/nsw-league-one/,NSW League One,24,Australia,bkX7DQT6,hCRUZHGr,rHTYnZH5,185,"[{""tournament_stage_id"": ""hCRUZHGr"", ""name"": ""Main""}]"
/football/australia/queensland-premier-league/,Queensland Premier League,24,Australia,63OUKGHP,xblufw8E,pEyP1YWb,185,"[{""tournament_stage_id"": ""xblufw8E"", ""name"": ""Main""}]"
/football/australia/sa-state-league/,SA State League,24,Australia,2Z90Ffum,YDiSne0l,d6nAajWN,185,"[{""tournament_stage_id"": ""YDiSne0l"", ""name"": ""Main""}]"
/football/australia/tasmania-northern-championship/,Tasmania Northern Championship,24,Australia,CEnvDCvC,tlK7on65,CdLkqiHU,185,"[{""tournament_stage_id"": ""tlK7on65"", ""name"": ""Main""}]"
/football/australia/tasmania-southern-championship/,Tasmania Southern Championship,24,Australia,65ZQWgft,Aiz6bPkB,lnrG3f2n,185,"[{""tournament_stage_id"": ""Aiz6bPkB"", ""name"": ""Main""}]"
/football/australia/victoria-premier-league/,Victoria Premier League,24,Australia,04SZUXOh,SjPqisro,4xHememg,185,"[{""tournament_stage_id"": ""SjPqisro"", ""name"": ""Main""}]"
/football/australia/wa-state-league/,WA State League,24,Australia,CdwLSkOH,KEo4B2ZG,UsZTs0BD,185,"[{""tournament_stage_id"": ""KEo4B2ZG"", ""name"": ""Main""}]"
/football/australia/australia-cup/,Australia Cup,24,Australia,CvSKqfZp,x8o13QPB,C8jTVoo9,182,"[{""tournament_stage_id"": ""0QYmgplm"", ""name"": ""Preliminary""}, {""tournament_stage_id"": ""x8o13QPB"", ""name"": ""Main""}]"
/football/australia/y-league/,Y-League,24,Australia,tvfOk0s2,YeeHraa4,Gv2kjDpN,170,"[{""tournament_stage_id"": ""YeeHraa4"", ""name"": ""Main""}, {""tournament_stage_id"": ""SIfLsJEA"", ""name"": ""Grand Final""}]"
/football/australia/a-league-women/,A-League Women,24,Australia,Q1GMJ2aM,dU7xwuYF,tbR6H4dE,187,"[{""tournament_stage_id"": ""l44Uv133"", ""name"": ""Main""}, {""tournament_stage_id"": ""dU7xwuYF"", ""name"": ""Play Offs""}]"
/football/austria/bundesliga/,Bundesliga,25,Austria,rLV7T1Fd,rHlgXND5,rJg7S7Me,187,"[{""tournament_stage_id"": ""WYMxZqqg"", ""name"": ""Main""}, {""tournament_stage_id"": ""rHlgXND5"", ""name"": ""Championship Group""}, {""tournament_stage_id"": ""4Wx2V1rI"", ""name"": ""Relegation Group""}]"
/football/austria/2-liga/,2. Liga,25,Austria,r9JMxEY2,YVUSmqbn,EPQbW9EF,187,"[{""tournament_stage_id"": ""YVUSmqbn"", ""name"": ""Main""}]"
/football/austria/regionalliga-east/,Regionalliga East,25,Austria,zHyUzh3F,WE0YPWBd,A5eaUTiq,187,"[{""tournament_stage_id"": ""WE0YPWBd"", ""name"": ""Main""}]"
/football/austria/regionalliga-central/,Regionalliga Central,25,Austria,0lloZVXR,b5AynEYF,I3bnrlqS,187,"[{""tournament_stage_id"": ""b5AynEYF"", ""name"": ""Main""}]"
/football/austria/regionalliga-west/,Regionalliga West,25,Austria,ARZxV9ek,zyXiph3S,ldf3Tm7k,187,"[{""tournament_stage_id"": ""zyXiph3S"", ""name"": ""Main""}]"
/football/austria/burgenland/,Burgenland,25,Austria,25vtiiI8,CWhOxAe2,lOHYv6Sj,187,"[{""tournament_stage_id"": ""CWhOxAe2"", ""name"": ""Main""}]"
/football/austria/karnten/,Karnten,25,Austria,AJuqYMWg,6wpPr0qL,vkSbo8kN,187,"[{""tournament_stage_id"": ""6wpPr0qL"", ""name"": ""Main""}]"
/football/austria/niederosterreich/,Niederosterreich,25,Austria,IgSLVvWI,QmGbzIye,t6Ig3TZ3,187,"[{""tournament_stage_id"": ""QmGbzIye"", ""name"": ""Main""}]"
/football/austria/oberosterreich/,Oberosterreich,25,Austria,WMJnlMom,hvQ1dabE,foKP3k5i,187,"[{""tournament_stage_id"": ""hvQ1dabE"", ""name"": ""Main""}]"
/football/austria/salzburg/,Salzburg,25,Austria,IRZXovoC,SpOlkHjl,YyJT29Kc,187,"[{""tournament_stage_id"": ""SpOlkHjl"", ""name"": ""Main""}]"
/football/austria/steiermark/,Steiermark,25,Austria,ETqehL0t,dQF5oZkD,zLDUunDp,187,"[{""tournament_stage_id"": ""dQF5oZkD"", ""name"": ""Main""}]"
/football/austria/vorarlberg/,Vorarlberg,25,Austria,SpicneaU,QBhu2otB,KdHc2mkA,187,"[{""tournament_stage_id"": ""QBhu2otB"", ""name"": ""Main""}]"
/football/austria/wien/,Wien,25,Austria,Myvp6xFb,I9XJf3Yp,2L62174G,187,"[{""tournament_stage_id"": ""I9XJf3Yp"", ""name"": ""Main""}]"
/football/austria/ofb-cup/,OFB Cup,25,Austria,MLe14GqB,z7wFI6Qi,8nQ2VTTL,187,"[{""tournament_stage_id"": ""z7wFI6Qi"", ""name"": ""Main""}]"
/football/austria/bundesliga-women/,Bundesliga Women,25,Austria,fZg92fEN,lvgwep6b,OS3UCs2l,187,"[{""tournament_stage_id"": ""8KyNGpe4"", ""name"": ""Main""}, {""tournament_stage_id"": ""lvgwep6b"", ""name"": ""Championship Group""}, {""tournament_stage_id"": ""0MKggOzB"", ""name"": ""Relegation Group""}]"
/football/austria/ofb-cup-women/,OFB Cup Women,25,Austria,GlhfbYyo,84gvFOPG,8lKREz4t,187,"[{""tournament_stage_id"": ""84gvFOPG"", ""name"": ""Main""}]"
/football/azerbaijan/premier-league/,Premier League,26,Azerbaijan,dScZTJ6k,xUUBfNMH,Y5mO1DE2,187,"[{""tournament_stage_id"": ""xUUBfNMH"", ""name"": ""Main""}]"
/football/azerbaijan/i-liqa/,I Liqa,26,Azerbaijan,Gbmwj1T8,bNPpBr7b,MehDWGAF,187,"[{""tournament_stage_id"": ""bNPpBr7b"", ""name"": ""Main""}]"
/football/azerbaijan/azerbaijan-cup/,Azerbaijan Cup,26,Azerbaijan,bZlfrcje,dQVX9ZCF,dMcBRRy2,187,"[{""tournament_stage_id"": ""dQVX9ZCF"", ""name"": ""Main""}]"
/football/bahrain/premier-league/,Premier League,28,Bahrain,6XaEdzz1,2HZas7mf,CdnS0XT8,187,"[{""tournament_stage_id"": ""2HZas7mf"", ""name"": ""Main""}]"
/football/bahrain/king-s-cup/,King's Cup,28,Bahrain,lrO23VBt,MN9rqKOb,Yu1Eu9Hj,187,"[{""tournament_stage_id"": ""MN9rqKOb"", ""name"": ""Main""}]"
/football/bahrain/bahrain-cup/,Bahrain Cup,28,Bahrain,v3ijloA4,8CkaGzw2,raN2hj8c,183,"[{""tournament_stage_id"": ""8CkaGzw2"", ""name"": ""Main""}, {""tournament_stage_id"": ""EZijuKF2"", ""name"": ""Play Offs""}]"
/football/bahrain/super-cup/,Super Cup,28,Bahrain,O8X6FuzI,Qe2cl57T,8Yo5BNtP,187,"[{""tournament_stage_id"": ""Qe2cl57T"", ""name"": ""Main""}]"
/football/bangladesh/bfl/,BFL,29,Bangladesh,YLv8FQfB,xlLBeIP1,ANxldAMe,187,"[{""tournament_stage_id"": ""xlLBeIP1"", ""name"": ""Main""}]"
/football/bangladesh/federation-cup/,Federation Cup,29,Bangladesh,0bukcrmo,6e7Be9VI,jqQ0FYn2,187,"[{""tournament_stage_id"": ""6e7Be9VI"", ""name"": ""Main""}]"
/football/barbados/premier-league/,Premier League,30,Barbados,Q3aIBLWj,YJOnKPbU,MT9qiQto,185,"[{""tournament_stage_id"": ""YJOnKPbU"", ""name"": ""Main""}]"
/football/argentina/liga-profesional/,Liga Profesional,22,Argentina,j1MnZ14E,KYiWfJVg,naYhNOaA,185,"[{""tournament_stage_id"": ""dEDMdu1s"", ""name"": ""Tabla Anual""}, {""tournament_stage_id"": ""O4eD9Ipm"", ""name"": ""Promedios""}, {""tournament_stage_id"": ""KYiWfJVg"", ""name"": ""Apertura""}, {""tournament_stage_id"": ""lEqmiyVI"", ""name"": ""Clausura""}]"
/football/argentina/copa-de-la-liga-profesional/,Copa de la Liga Profesional,22,Argentina,8G4cEV0e,j3wTwtag,vkIrPVm8,177,"[{""tournament_stage_id"": ""j3wTwtag"", ""name"": ""Main""}, {""tournament_stage_id"": ""GzjpxKT5"", ""name"": ""Tabla Anual""}, {""tournament_stage_id"": ""UwxlCAdt"", ""name"": ""Promedios""}, {""tournament_stage_id"": ""YB0uw0Ea"", ""name"": ""Play Offs""}]"
/football/argentina/primera-nacional/,Primera Nacional,22,Argentina,n1f5Iax3,CIwD2G5N,QTNHA4p4,185,"[{""tournament_stage_id"": ""CIwD2G5N"", ""name"": ""Main""}]"
/football/argentina/torneo-federal/,Torneo Federal,22,Argentina,8GrEGw7F,zuZoJyj4,l06JrDh6,185,"[{""tournament_stage_id"": ""zuZoJyj4"", ""name"": ""Main""}]"
/football/argentina/primera-b/,Primera B,22,Argentina,zsav4HyS,GGDGlOLU,GKJrZE7I,185,"[{""tournament_stage_id"": ""GGDGlOLU"", ""name"": ""Main""}]"
/football/argentina/primera-c/,Primera C,22,Argentina,SvvJdZT1,0SgXhzYo,zNLhJb1S,185,"[{""tournament_stage_id"": ""0SgXhzYo"", ""name"": ""Main""}]"
/football/argentina/torneo-promocional-amateur/,Torneo Promocional Amateur,22,Argentina,QauzMxM8,I7nauqIs,vcEefsmC,182,"[{""tournament_stage_id"": ""I7nauqIs"", ""name"": ""Main""}, {""tournament_stage_id"": ""QH7Oy1H6"", ""name"": ""Play Offs""}, {""tournament_stage_id"": ""SvgkQJ9j"", ""name"": ""Promotion""}]"
/football/argentina/copa-argentina/,Copa Argentina,22,Argentina,67tiEYre,tdpxiD74,OWsjCTcG,185,"[{""tournament_stage_id"": ""tdpxiD74"", ""name"": ""Main""}]"
/football/argentina/super-cup/,Super Cup,22,Argentina,OfuGp6y7,GGFkYsU9,dQL2aRml,184,"[{""tournament_stage_id"": ""GGFkYsU9"", ""name"": ""Main""}]"
/football/argentina/international-super-cup/,International Super Cup,22,Argentina,boofzG5E,Eg01mV6T,n9MqmByi,184,"[{""tournament_stage_id"": ""Eg01mV6T"", ""name"": ""Main""}]"
/football/argentina/trofeo-de-campeones/,Trofeo de Campeones,22,Argentina,rLoB89TD,EZeWFZDr,QgInyZiO,182,"[{""tournament_stage_id"": ""EZeWFZDr"", ""name"": ""Main""}]"
/football/argentina/reserve-league/,Reserve League,22,Argentina,SEz6FPlC,xt1CHrR6,QgGuh3dL,185,"[{""tournament_stage_id"": ""xt1CHrR6"", ""name"": ""Apertura""}]"
/football/argentina/torneos-de-verano/,Torneos De Verano,22,Argentina,hjRKN3KS,WQrxWyDI,4K05MrFG,175,"[{""tournament_stage_id"": ""WQrxWyDI"", ""name"": ""Main""}]"
/football/argentina/primera-a-women/,Primera A Women,22,Argentina,t0shZ64t,YBdZGTzG,hnebO43r,185,"[{""tournament_stage_id"": ""YBdZGTzG"", ""name"": ""Apertura""}]"
/football/belarus/vysshaya-liga/,Vysshaya Liga,31,Belarus,YkUF2sfm,S2JsqqzJ,ObKhcPDs,185,"[{""tournament_stage_id"": ""S2JsqqzJ"", ""name"": ""Main""}]"
/football/belarus/pershaya-liga/,Pershaya Liga,31,Belarus,CUtg2LOa,raB81Qkm,dn3EGkbF,185,"[{""tournament_stage_id"": ""raB81Qkm"", ""name"": ""Main""}]"
/football/belarus/belarusian-cup/,Belarusian Cup,31,Belarus,IRq10agC,Iy6Bb4Ka,nZdPEiqF,187,"[{""tournament_stage_id"": ""Iy6Bb4Ka"", ""name"": ""Main""}]"
/football/belarus/super-cup/,Super Cup,31,Belarus,CIWmKt9t,Crq2Bs45,KhQZzyw6,185,"[{""tournament_stage_id"": ""Crq2Bs45"", ""name"": ""Main""}]"
/football/belarus/vysshaya-liga-women/,Vysshaya Liga Women,31,Belarus,8pQdIKwg,K8nA9LYH,j5LYv2rk,185,"[{""tournament_stage_id"": ""K8nA9LYH"", ""name"": ""Main""}]"
/football/belgium/jupiler-pro-league/,Jupiler Pro League,32,Belgium,Y9pCz2uK,xdmwTjnQ,dG2SqPrf,187,"[{""tournament_stage_id"": ""WbIIL8v0"", ""name"": ""Main""}, {""tournament_stage_id"": ""xdmwTjnQ"", ""name"": ""Conference League Group""}, {""tournament_stage_id"": ""hE6RJn9C"", ""name"": ""Championship Group""}, {""tournament_stage_id"": ""bDYb1vgo"", ""name"": ""Relegation Group""}]"
/football/belgium/challenger-pro-league/,Challenger Pro League,32,Belgium,fPrcWu3s,4lti9jCi,dMwNgPSC,187,"[{""tournament_stage_id"": ""4lti9jCi"", ""name"": ""Main""}]"
/football/belgium/national-division-1-acff/,National Division 1 - ACFF,32,Belgium,CvHWHZW7,4vB6dO1L,2LGHAwnR,187,"[{""tournament_stage_id"": ""pxe5bpX8"", ""name"": ""Main""}, {""tournament_stage_id"": ""4vB6dO1L"", ""name"": ""Promotion Group""}, {""tournament_stage_id"": ""vuQpi2Pr"", ""name"": ""Relegation Group""}]"
/football/belgium/national-division-1-vv/,National Division 1 - VV,32,Belgium,4ILZwHgR,pty491oR,G0ImBaHE,187,"[{""tournament_stage_id"": ""pty491oR"", ""name"": ""Main""}]"
/football/belgium/second-amateur-division-group-acff/,Second Amateur Division Group ACFF,32,Belgium,EF42rynC,lncZrOgL,INEz3JX1,187,"[{""tournament_stage_id"": ""lncZrOgL"", ""name"": ""Main""}]"
/football/belgium/second-amateur-division-group-vfv-a/,Second Amateur Division Group VFV A,32,Belgium,zVhBtFGO,Io5Mytne,0dRn3lhG,187,"[{""tournament_stage_id"": ""Io5Mytne"", ""name"": ""Main""}]"
/football/belgium/second-amateur-division-group-vfv-b/,Second Amateur Division Group VFV B,32,Belgium,AHEPlI1t,GOycuFhm,r5la287M,187,"[{""tournament_stage_id"": ""GOycuFhm"", ""name"": ""Main""}]"
/football/belgium/second-amateur-division-play-offs/,Second Amateur Division Play Offs,32,Belgium,hQBZKhAM,vyYxWZEL,WMnIXTNC,184,"[{""tournament_stage_id"": ""vyYxWZEL"", ""name"": ""Main""}, {""tournament_stage_id"": ""A3tQOi7e"", ""name"": ""Relegation""}]"
/football/belgium/belgian-cup/,Belgian Cup,32,Belgium,rFUloz15,SCnMyXiC,6N9cdqTm,187,"[{""tournament_stage_id"": ""SCnMyXiC"", ""name"": ""Main""}]"
/football/belgium/super-cup/,Super Cup,32,Belgium,xbm6FWXq,nqtDRLPQ,UT0zr3D6,182,"[{""tournament_stage_id"": ""nqtDRLPQ"", ""name"": ""Main""}]"
/football/belgium/pro-league-u21/,Pro League U21,32,Belgium,OYLRrh0U,r9vmfE7t,8WbuzSar,187,"[{""tournament_stage_id"": ""r9vmfE7t"", ""name"": ""Main""}]"
/football/belgium/super-league-women/,Super League Women,32,Belgium,W4Ap3eon,0OsbkW65,SC4qC6gF,187,"[{""tournament_stage_id"": ""vyYehhxg"", ""name"": ""Main""}, {""tournament_stage_id"": ""0OsbkW65"", ""name"": ""Winners stage""}, {""tournament_stage_id"": ""MwW6mAyI"", ""name"": ""Losers stage""}]"
/football/belgium/1st-national-women/,1st National Women,32,Belgium,IP8E2ZFb,U3ZEol6U,Y7YJeFPu,187,"[{""tournament_stage_id"": ""U3ZEol6U"", ""name"": ""Main""}]"
/football/belgium/belgian-cup-women/,Belgian Cup Women,32,Belgium,I9QV0DpB,p0Ru4VLb,IXyr4UxA,187,"[{""tournament_stage_id"": ""p0Ru4VLb"", ""name"": ""Main""}]"
/football/benin/ligue-1/,Ligue 1,34,Benin,rDczGxwI,6Zg0OKmB,ADm0U6gP,187,"[{""tournament_stage_id"": ""6Zg0OKmB"", ""name"": ""Main""}]"
/football/bermuda/premier-league/,Premier League,230,Bermuda,jw1rEG7U,hEGySgf3,6F3eh8Tm,187,"[{""tournament_stage_id"": ""hEGySgf3"", ""name"": ""Main""}]"
/football/bhutan/premier-league/,Premier League,35,Bhutan,QBNYOgpo,nJtZvXw9,8j1zGagB,182,"[{""tournament_stage_id"": ""nJtZvXw9"", ""name"": ""Main""}]"
/football/bolivia/division-profesional/,Division Profesional,36,Bolivia,nJqEpFyH,lIqDUTz3,2Lmb6qrJ,185,"[{""tournament_stage_id"": ""lIqDUTz3"", ""name"": ""Main""}]"
/football/bolivia/copa-simon-bolivar/,Copa Simon Bolivar,36,Bolivia,2Td3wPFQ,25TjZTxB,2kMCv8iR,182,"[{""tournament_stage_id"": ""25TjZTxB"", ""name"": ""Main""}, {""tournament_stage_id"": ""dSSfYmhH"", ""name"": ""Play Offs""}, {""tournament_stage_id"": ""Kd6vzAN4"", ""name"": ""Promotion""}]"
/football/bolivia/copa-pacena/,Copa Pacena,36,Bolivia,YBmZX2wl,WIvLjV7o,GSriZrFC,182,"[{""tournament_stage_id"": ""WIvLjV7o"", ""name"": ""Main""}, {""tournament_stage_id"": ""A9wPkkNi"", ""name"": ""Play Offs""}]"
/football/bolivia/torneo-amistoso-de-verano/,Torneo Amistoso de Verano,36,Bolivia,QZ8KVGDt,hSsArs0f,YBX57J5e,185,"[{""tournament_stage_id"": ""hSsArs0f"", ""name"": ""Main""}]"
/football/bosnia-and-herzegovina/wwin-liga-bih/,WWIN Liga BiH,37,Bosnia and Herzegovina,Ch1Bklr9,vwgEhNbJ,Kt0lVSKJ,187,"[{""tournament_stage_id"": ""vwgEhNbJ"", ""name"": ""Main""}]"
/football/bosnia-and-herzegovina/prva-liga-fbih/,Prva Liga - FBiH,37,Bosnia and Herzegovina,Ik4JmSCL,b5AWqmXo,UeZAYvIr,187,"[{""tournament_stage_id"": ""b5AWqmXo"", ""name"": ""Main""}]"
/football/bosnia-and-herzegovina/prva-liga-rs/,Prva Liga - RS,37,Bosnia and Herzegovina,6u4br6zq,WI8vrR1b,Qej5oW3c,187,"[{""tournament_stage_id"": ""WI8vrR1b"", ""name"": ""Main""}]"
/football/bosnia-and-herzegovina/bosnia-and-herzegovina-cup/,Bosnia and Herzegovina Cup,37,Bosnia and Herzegovina,h02Ssp5e,x0T3vq1N,UFH7y8oi,187,"[{""tournament_stage_id"": ""x0T3vq1N"", ""name"": ""Main""}]"
/football/bosnia-and-herzegovina/super-cup/,Super Cup,37,Bosnia and Herzegovina,CAchOjCU,n9uovTAa,Kzn1ujZ8,182,"[{""tournament_stage_id"": ""n9uovTAa"", ""name"": ""Main""}]"
/football/botswana/premier-league/,Premier League,38,Botswana,lSeytOZ7,MX4zZMOp,j9S62l8j,187,"[{""tournament_stage_id"": ""MX4zZMOp"", ""name"": ""Main""}]"
/football/bulgaria/efbet-league/,efbet League,41,Bulgaria,GO0K57WO,ID1TwQHr,r9Y9rlDt,187,"[{""tournament_stage_id"": ""ID1TwQHr"", ""name"": ""Main""}]"
/football/bulgaria/vtora-liga/,Vtora liga,41,Bulgaria,OfkwQAHt,fkHymL0D,vPgupwAd,187,"[{""tournament_stage_id"": ""fkHymL0D"", ""name"": ""Main""}]"
/football/bulgaria/third-league-south-east/,Third League - South-East,41,Bulgaria,rD3WL6oI,6ucf7Fin,bo5ma2tM,187,"[{""tournament_stage_id"": ""6ucf7Fin"", ""name"": ""Main""}]"
/football/bulgaria/third-league-south-west/,Third League - South-West,41,Bulgaria,tAEgLpGU,viSI3XjB,G6XabMeS,187,"[{""tournament_stage_id"": ""viSI3XjB"", ""name"": ""Main""}]"
/football/bulgaria/third-league-north-east/,Third League - North-East,41,Bulgaria,AFm7Plng,QDXVAOhK,0v9Wh0Jk,187,"[{""tournament_stage_id"": ""QDXVAOhK"", ""name"": ""Main""}]"
/football/bulgaria/third-league-north-west/,Third League - North-West,41,Bulgaria,Aa5ONSG5,GSTR1KF6,MmASgt4q,187,"[{""tournament_stage_id"": ""GSTR1KF6"", ""name"": ""Main""}]"
/football/bulgaria/bulgarian-cup/,Bulgarian Cup,41,Bulgaria,ziIBul1n,0pNiKhyh,xWXDs8Sn,187,"[{""tournament_stage_id"": ""0pNiKhyh"", ""name"": ""Main""}]"
/football/bulgaria/super-cup/,Super Cup,41,Bulgaria,ddRMFAT0,ERJxYPKk,Q17ZenSB,182,"[{""tournament_stage_id"": ""ERJxYPKk"", ""name"": ""Main""}]"
/football/burkina-faso/premier-league/,Premier League,42,Burkina Faso,Shy5ypVN,IgTYK5Cd,zuRA3mqS,187,"[{""tournament_stage_id"": ""IgTYK5Cd"", ""name"": ""Main""}]"
/football/cambodia/cpl/,CPL,45,Cambodia,ChRyKxrl,0GJpYOHd,dULnbCBD,187,"[{""tournament_stage_id"": ""MPKtZ42j"", ""name"": ""Main""}, {""tournament_stage_id"": ""0GJpYOHd"", ""name"": ""Championship Group""}, {""tournament_stage_id"": ""UFc8TZ1d"", ""name"": ""Relegation Group""}]"
/football/cambodia/hun-sen-cup/,Hun Sen Cup,45,Cambodia,UqoI1Pve,AwaLb1Br,n7XCk4lR,187,"[{""tournament_stage_id"": ""AwaLb1Br"", ""name"": ""Main""}]"
/football/cambodia/super-cup/,Super Cup,45,Cambodia,z9yd2lrf,vkPYFRk5,lrrFr9pf,182,"[{""tournament_stage_id"": ""vkPYFRk5"", ""name"": ""Main""}]"
/football/cameroon/elite-one/,Elite One,46,Cameroon,zuOlxMNb,dA17i1LU,CAwa47eB,187,"[{""tournament_stage_id"": ""dA17i1LU"", ""name"": ""Main""}]"
/football/cameroon/elite-two/,Elite Two,46,Cameroon,0Cz6z0hB,O4ZvhVWA,tde9j9n4,187,"[{""tournament_stage_id"": ""O4ZvhVWA"", ""name"": ""Main""}]"
/football/cameroon/super-cup/,Super Cup,46,Cameroon,86YRnQP1,S4Uf5Ws4,4rtc8wxB,182,"[{""tournament_stage_id"": ""S4Uf5Ws4"", ""name"": ""Main""}]"
/football/canada/canadian-premier-league/,Canadian Premier League,47,Canada,nXYZZwNN,Ms6Fe4w3,Cj4NwA8p,185,"[{""tournament_stage_id"": ""Ms6Fe4w3"", ""name"": ""Main""}]"
/football/canada/championship/,Championship,47,Canada,6HF6UHpo,Cd2Bn00k,pWTVy4q2,185,"[{""tournament_stage_id"": ""Cd2Bn00k"", ""name"": ""Main""}]"
/football/canada/csl/,CSL,47,Canada,ngOCFEdJ,xAOXgf52,4h6we6sI,182,"[{""tournament_stage_id"": ""xAOXgf52"", ""name"": ""Main""}, {""tournament_stage_id"": ""G0NygEK8"", ""name"": ""Play Offs""}]"
/football/chad/premiere-division/,Premiere Division,50,Chad,Kfr8Kqek,pU6ELQTg,j7lesOWF,187,"[{""tournament_stage_id"": ""pU6ELQTg"", ""name"": ""LPFN""}]"
/football/chile/liga-de-primera/,Liga de Primera,51,Chile,dtweQvIP,f1w5g1qT,0KangpCU,185,"[{""tournament_stage_id"": ""f1w5g1qT"", ""name"": ""Main""}]"
/football/chile/liga-de-ascenso/,Liga de Ascenso,51,Chile,r7IzAIum,ABpVBrac,d6kYgx8t,185,"[{""tournament_stage_id"": ""ABpVBrac"", ""name"": ""Main""}]"
/football/chile/segunda-division/,Segunda Division,51,Chile,rizh8dAa,rPrwAMT9,WncNHmtr,185,"[{""tournament_stage_id"": ""rPrwAMT9"", ""name"": ""Main""}]"
/football/chile/copa-chile/,Copa Chile,51,Chile,G4Ya6zuC,r90f80bM,nHerfQdO,185,"[{""tournament_stage_id"": ""r90f80bM"", ""name"": ""Main""}]"
/football/chile/super-cup/,Super Cup,51,Chile,jRMU5E9O,COjQ2vMq,hEzE6pO0,185,"[{""tournament_stage_id"": ""COjQ2vMq"", ""name"": ""Main""}]"
/football/chile/primera-division-women/,Primera Division Women,51,Chile,4fEeOePh,0UlxNaDF,negNM84J,185,"[{""tournament_stage_id"": ""0UlxNaDF"", ""name"": ""Main""}]"
/football/china/super-league/,Super League,52,China,p4AngrWQ,6qZmcKtB,nc9yRmcn,185,"[{""tournament_stage_id"": ""6qZmcKtB"", ""name"": ""Main""}]"
/football/china/league-one/,League One,52,China,8YVTxMgl,2BSdebBN,86AXRTst,185,"[{""tournament_stage_id"": ""2BSdebBN"", ""name"": ""Main""}]"
/football/china/league-two/,League Two,52,China,GbZyy0O0,bsESkxZp,8ndxlCCh,185,"[{""tournament_stage_id"": ""bsESkxZp"", ""name"": ""Main""}]"
/football/china/fa-cup/,FA Cup,52,China,xENpZwgD,zmknAcQG,hQWz6gLn,185,"[{""tournament_stage_id"": ""zmknAcQG"", ""name"": ""Main""}]"
/football/china/super-cup/,Super Cup,52,China,nXY0bsoK,tnHJikAk,Qo9l8OEU,185,"[{""tournament_stage_id"": ""tnHJikAk"", ""name"": ""Main""}]"
/football/china/super-league-women/,Super League Women,52,China,UVnq6dH9,zXdAOAf8,ruTxaWrd,182,"[{""tournament_stage_id"": ""zXdAOAf8"", ""name"": ""Main""}]"
/football/colombia/primera-a/,Primera A,53,Colombia,tYhlmBUI,I7rbp1up,t0fpnjs5,185,"[{""tournament_stage_id"": ""I7rbp1up"", ""name"": ""Apertura""}]"
/football/colombia/primera-b/,Primera B,53,Colombia,Cd9rBEMP,ABbJaDVs,4dzRa7y9,185,"[{""tournament_stage_id"": ""ABbJaDVs"", ""name"": ""Apertura""}]"
/football/colombia/copa-colombia/,Copa Colombia,53,Colombia,zeWzDi6j,KGzltZyh,nwetmWRb,182,"[{""tournament_stage_id"": ""KGzltZyh"", ""name"": ""First stage""}, {""tournament_stage_id"": ""GrUdvD64"", ""name"": ""First stage - Play Offs""}, {""tournament_stage_id"": ""jLOayiyH"", ""name"": ""Second stage""}]"
/football/colombia/liga-women/,Liga Women,53,Colombia,t6003AqC,EuZ59xQh,0YXWDRtU,185,"[{""tournament_stage_id"": ""EuZ59xQh"", ""name"": ""Main""}]"
/football/brazil/serie-a-betano/,Serie A Betano,39,Brazil,pv7V3RRE,hdLUdQGi,Yq4hUnzQ,185,"[{""tournament_stage_id"": ""hdLUdQGi"", ""name"": ""Main""}]"
/football/brazil/serie-b-superbet/,Serie B Superbet,39,Brazil,tYGti5dR,lOEwe4o4,vRtLP6rs,185,"[{""tournament_stage_id"": ""lOEwe4o4"", ""name"": ""Main""}]"
/football/brazil/serie-c/,Serie C,39,Brazil,GYVKoqKl,QgyfgrGG,xIv3pZNg,185,"[{""tournament_stage_id"": ""QgyfgrGG"", ""name"": ""First stage""}]"
/football/brazil/serie-d/,Serie D,39,Brazil,xlKTqNl1,0hqM930c,fw7Fqgw0,185,"[{""tournament_stage_id"": ""0hqM930c"", ""name"": ""Main""}]"
/football/brazil/acreano/,Acreano,39,Brazil,rZAjiDxK,C2Z1Cx7k,n5hBMgPi,185,"[{""tournament_stage_id"": ""A5RBcwhd"", ""name"": ""Main""}, {""tournament_stage_id"": ""C2Z1Cx7k"", ""name"": ""Play Offs""}]"
/football/brazil/acreano-2/,Acreano 2,39,Brazil,0nOGoyfc,hde3Fzu2,dbfJzbNM,182,"[{""tournament_stage_id"": ""hde3Fzu2"", ""name"": ""Main""}, {""tournament_stage_id"": ""OKBcwvX8"", ""name"": ""Play Offs""}]"
/football/brazil/alagoano/,Alagoano,39,Brazil,Iq9aoVUg,YqIgEkrf,GSXSpZdT,185,"[{""tournament_stage_id"": ""8C5xGBDs"", ""name"": ""Main""}, {""tournament_stage_id"": ""YqIgEkrf"", ""name"": ""Play Offs""}]"
/football/brazil/alagoano-2/,Alagoano 2,39,Brazil,vZtdDJCG,GvtwGt9s,fD63Dn2E,185,"[{""tournament_stage_id"": ""GvtwGt9s"", ""name"": ""Main""}]"
/football/brazil/amapaense/,Amapaense,39,Brazil,Q9C7q9a6,YmQ4YAZP,8KtKKXg4,185,"[{""tournament_stage_id"": ""xxFAA7sJ"", ""name"": ""Main""}, {""tournament_stage_id"": ""YmQ4YAZP"", ""name"": ""Play Offs""}]"
/football/brazil/amazonense/,Amazonense,39,Brazil,0dzJ5jMP,dAgRuStg,UTsGLDvb,185,"[{""tournament_stage_id"": ""E1AqRSRa"", ""name"": ""First stage""}, {""tournament_stage_id"": ""zHbhP6dC"", ""name"": ""First stage - Play Offs""}, {""tournament_stage_id"": ""rs20NpRO"", ""name"": ""Second stage""}, {""tournament_stage_id"": ""OdeJslCt"", ""name"": ""Second stage - Play Offs""}, {""tournament_stage_id"": ""dAgRuStg"", ""name"": ""Play Offs""}]"
/football/brazil/amazonense-2/,Amazonense 2,39,Brazil,SWUpwztS,v3n8rNl2,fiJRg2v7,182,"[{""tournament_stage_id"": ""v3n8rNl2"", ""name"": ""Main""}, {""tournament_stage_id"": ""bTh36Qt9"", ""name"": ""Play Offs""}]"
/football/brazil/baiano/,Baiano,39,Brazil,WYRzbnqC,QZ2azOAU,CUoNY9xc,185,"[{""tournament_stage_id"": ""QZ2azOAU"", ""name"": ""Main""}, {""tournament_stage_id"": ""OUU3gRen"", ""name"": ""Play Offs""}]"
/football/brazil/baiano-2/,Baiano 2,39,Brazil,6T923sLi,dSpTkqeB,KExaBeZL,185,"[{""tournament_stage_id"": ""dSpTkqeB"", ""name"": ""Main""}]"
/football/brazil/brasiliense/,Brasiliense,39,Brazil,hl8W2Lk4,hYp264uh,KjLiHzS3,185,"[{""tournament_stage_id"": ""8Kq7r1mo"", ""name"": ""Main""}, {""tournament_stage_id"": ""hYp264uh"", ""name"": ""Play Offs""}]"
/football/brazil/brasiliense-2/,Brasiliense 2,39,Brazil,h03M3Tk2,OYzgKbTb,QFLNObhC,182,"[{""tournament_stage_id"": ""OYzgKbTb"", ""name"": ""Main""}]"
/football/brazil/capixaba/,Capixaba,39,Brazil,hYPm1aKG,0r6R2MvH,MH9XEe25,185,"[{""tournament_stage_id"": ""0blA4rA4"", ""name"": ""Main""}, {""tournament_stage_id"": ""0r6R2MvH"", ""name"": ""Play Offs""}]"
/football/brazil/capixaba-2/,Capixaba 2,39,Brazil,QsJsWRJl,ANQ6Nhil,lhPEqDbi,182,"[{""tournament_stage_id"": ""ANQ6Nhil"", ""name"": ""Main""}, {""tournament_stage_id"": ""6kKFLWL0"", ""name"": ""Play Offs""}]"
/football/brazil/carioca/,Carioca,39,Brazil,QoOeawkT,jXr0rhg2,IHuPOQcm,185,"[{""tournament_stage_id"": ""Meaf6eo9"", ""name"": ""Taca Rio""}, {""tournament_stage_id"": ""jXr0rhg2"", ""name"": ""Taca Guanabara""}, {""tournament_stage_id"": ""rBm34ZFL"", ""name"": ""Taca Guanabara - Play Offs""}, {""tournament_stage_id"": ""jyDQ6SF7"", ""name"": ""Relegation Group""}]"
/football/england/premier-league/,Premier League,198,England,KKay4EE8,OEEq9Yvp,dYlOSQOD,187,"[{""tournament_stage_id"": ""OEEq9Yvp"", ""name"": ""Main""}]"
/football/england/championship/,Championship,198,England,QJR8o6bs,WvIi7C9d,2DSCa5fE,187,"[{""tournament_stage_id"": ""WvIi7C9d"", ""name"": ""Main""}]"
/football/england/league-one/,League One,198,England,jivQqpTg,MkMfTgWF,rJSMG3H0,187,"[{""tournament_stage_id"": ""MkMfTgWF"", ""name"": ""Main""}]"
/football/england/league-two/,League Two,198,England,EaWsXNc6,hIUsMBOk,0MwU4NW6,187,"[{""tournament_stage_id"": ""hIUsMBOk"", ""name"": ""Main""}]"
/football/england/national-league/,National League,198,England,6wyog5KP,pQ0KZAwq,4CWHXGM1,187,"[{""tournament_stage_id"": ""pQ0KZAwq"", ""name"": ""Main""}]"
/football/england/national-league-north/,National League North,198,England,ve7tnNCa,Kt0TwudE,rsMtLd7e,187,"[{""tournament_stage_id"": ""Kt0TwudE"", ""name"": ""Main""}]"
/football/england/national-league-south/,National League South,198,England,0Aekp1sC,j98GWdll,QPXiMdx8,187,"[{""tournament_stage_id"": ""j98GWdll"", ""name"": ""Main""}]"
/football/england/national-league-cup/,National League Cup,198,England,OEC0SjEb,KOjUtykl,MFppGns2,187,"[{""tournament_stage_id"": ""nyAcncRQ"", ""name"": ""Main""}, {""tournament_stage_id"": ""KOjUtykl"", ""name"": ""Play Offs""}]"
/football/england/npl-premier-division/,NPL Premier Division,198,England,nVgJquCO,rPMPSEmD,vDxY3snD,187,"[{""tournament_stage_id"": ""rPMPSEmD"", ""name"": ""Main""}]"
/football/england/southern-league-premier-central/,Southern League Premier Central,198,England,2Rop2MRh,vJAHUROH,I5paWyvs,187,"[{""tournament_stage_id"": ""vJAHUROH"", ""name"": ""Main""}]"
/football/england/southern-league-premier-south/,Southern League Premier South,198,England,4tLF10d5,fF2rm9vn,W8l3Vegm,187,"[{""tournament_stage_id"": ""fF2rm9vn"", ""name"": ""Main""}]"
/football/england/isthmian-league-premier-division/,Isthmian League Premier Division,198,England,YLCWcIeU,KOCoxqWp,A5UEIPnl,187,"[{""tournament_stage_id"": ""KOCoxqWp"", ""name"": ""Main""}]"
/football/england/fa-cup/,FA Cup,198,England,n7JIHaBb,vwiWmMFj,lYQtaqPQ,187,"[{""tournament_stage_id"": ""b3cRBP7c"", ""name"": ""Qualification""}, {""tournament_stage_id"": ""vwiWmMFj"", ""name"": ""Main""}]"
/football/england/efl-cup/,EFL Cup,198,England,baU3FHAN,YBO54Y5l,OMT80ou8,187,"[{""tournament_stage_id"": ""fuMQQNho"", ""name"": ""Preliminary""}, {""tournament_stage_id"": ""YBO54Y5l"", ""name"": ""Main""}]"
/football/england/fa-community-shield/,FA Community Shield,198,England,jPPaWMRk,ClAuc9pk,AsSx0P9K,182,"[{""tournament_stage_id"": ""ClAuc9pk"", ""name"": ""Main""}]"
/football/england/efl-trophy/,EFL Trophy,198,England,v7FbXxe4,UBXFyXtQ,4STIHq2f,187,"[{""tournament_stage_id"": ""0GHLDTlJ"", ""name"": ""Main""}, {""tournament_stage_id"": ""UBXFyXtQ"", ""name"": ""Play Offs""}]"
/football/england/fa-trophy/,FA Trophy,198,England,viXFVGPG,Eq9nWA4m,QyiV55Xs,187,"[{""tournament_stage_id"": ""QRz3UlZa"", ""name"": ""Qualification""}, {""tournament_stage_id"": ""Eq9nWA4m"", ""name"": ""Main""}]"
/football/england/premier-league-2/,Premier League 2,198,England,p0rICnv2,KOUOsllg,CfcJv4MD,187,"[{""tournament_stage_id"": ""KOUOsllg"", ""name"": ""Main""}]"
/football/england/professional-development-league/,Professional Development League,198,England,zBnLYT0L,2HVNfRXb,8WehgikI,187,"[{""tournament_stage_id"": ""2HVNfRXb"", ""name"": ""Main""}]"
/football/england/premier-league-cup/,Premier League Cup,198,England,l6dLU7Or,K48KYzHd,rDtEtaDn,187,"[{""tournament_stage_id"": ""tb1Dtmz3"", ""name"": ""Main""}, {""tournament_stage_id"": ""K48KYzHd"", ""name"": ""Play Offs""}]"
/football/england/premier-league-u18/,Premier League U18,198,England,IolxRPN7,jyBGVMR1,4jNxMxhk,187,"[{""tournament_stage_id"": ""jyBGVMR1"", ""name"": ""Main""}]"
/football/england/fa-youth-cup/,FA Youth Cup,198,England,ARsUz7pR,IFUcnrCr,4CIh5uRh,187,"[{""tournament_stage_id"": ""IFUcnrCr"", ""name"": ""Main""}]"
/football/england/wsl/,WSL,198,England,pxtwVOx1,OIQybLel,h83Rfggo,187,"[{""tournament_stage_id"": ""OIQybLel"", ""name"": ""Main""}]"
/football/england/wsl-2/,WSL 2,198,England,zmpti6aK,OMYnItmK,23rH3oco,187,"[{""tournament_stage_id"": ""OMYnItmK"", ""name"": ""Main""}]"
/football/england/women-s-national-league-north/,Women's National League North,198,England,WzVRrtiJ,2mOZAkoB,fgpKS4TK,187,"[{""tournament_stage_id"": ""2mOZAkoB"", ""name"": ""Main""}]"
/football/england/women-s-national-league-south/,Women's National League South,198,England,nXMh1N6m,Uc8E37wo,YqqOROrR,187,"[{""tournament_stage_id"": ""Uc8E37wo"", ""name"": ""Main""}]"
/football/england/women-s-fa-cup/,Women’s FA Cup,198,England,QBZV01y0,Q9J8RAVi,QmryvWCK,187,"[{""tournament_stage_id"": ""Q9J8RAVi"", ""name"": ""Main""}]"
/football/england/women-s-league-cup/,Women's League Cup,198,England,IJiwau6C,df1QNSUG,lEsYAzPG,187,"[{""tournament_stage_id"": ""pCZ9Pl04"", ""name"": ""Main""}, {""tournament_stage_id"": ""df1QNSUG"", ""name"": ""Play Offs""}]"
/football/france/ligue-1/,Ligue 1,77,France,hnFBS5hK,j9QeTLPP,KIShoMk3,187,"[{""tournament_stage_id"": ""j9QeTLPP"", ""name"": ""Main""}]"
/football/france/ligue-2/,Ligue 2,77,France,CWerNqGs,0STrMwIa,Y35Jer59,187,"[{""tournament_stage_id"": ""0STrMwIa"", ""name"": ""Main""}]"
/football/france/national/,National,77,France,l2IbLNpf,U7LaIeHO,pv9Nf2KF,187,"[{""tournament_stage_id"": ""U7LaIeHO"", ""name"": ""Main""}]"
/football/france/national-2-group-a/,National 2 - Group A,77,France,OO6TK1F6,MLOHxa2t,MV9g2nYD,187,"[{""tournament_stage_id"": ""MLOHxa2t"", ""name"": ""Main""}]"
/football/france/national-2-group-b/,National 2 - Group B,77,France,GWOzJupJ,ryDQzwXh,0M8c16mK,187,"[{""tournament_stage_id"": ""ryDQzwXh"", ""name"": ""Main""}]"
/football/france/national-2-group-c/,National 2 - Group C,77,France,0pQVtqxQ,fJvsZG15,rob20Q2Q,187,"[{""tournament_stage_id"": ""fJvsZG15"", ""name"": ""Main""}]"
/football/france/coupe-de-france/,Coupe de France,77,France,rLRnZvaC,tjVflxnn,AaHxMIcd,187,"[{""tournament_stage_id"": ""tjVflxnn"", ""name"": ""Main""}]"
/football/france/super-cup/,Super Cup,77,France,pOvMybER,W2zdwPRi,69Jb7MZL,182,"[{""tournament_stage_id"": ""W2zdwPRi"", ""name"": ""Main""}]"
/football/france/kings-league-france/,Kings League - France,77,France,niECFhMr,OWkbk8Vh,YaHkePEt,185,"[{""tournament_stage_id"": ""OWkbk8Vh"", ""name"": ""Main""}]"
/football/france/premiere-ligue-women/,Premiere Ligue Women,77,France,zatShMEt,EmoKpfoB,G4Fiytao,187,"[{""tournament_stage_id"": ""EmoKpfoB"", ""name"": ""Main""}]"
/football/france/seconde-ligue-women/,Seconde Ligue Women,77,France,dEUzi0qg,Eo60QPad,lASkHgCj,187,"[{""tournament_stage_id"": ""Eo60QPad"", ""name"": ""Main""}]"
/football/france/coupe-de-france-women/,Coupe de France Women,77,France,niiDjvE5,AcHflTi3,rXZLp3AT,187,"[{""tournament_stage_id"": ""AcHflTi3"", ""name"": ""Main""}]"
/football/france/coupe-de-la-ligue-women/,Coupe de la Ligue Women,77,France,nRjB3OoS,bgEtrRMb,h2VZKlRb,187,"[{""tournament_stage_id"": ""QuGYqmhn"", ""name"": ""Main""}, {""tournament_stage_id"": ""bgEtrRMb"", ""name"": ""Play Offs""}]"
/football/france/super-cup-women/,Super Cup Women,77,France,CY6xyyVT,6JDQx4qs,MsgG7nRa,175,"[{""tournament_stage_id"": ""6JDQx4qs"", ""name"": ""Main""}]"
/football/germany/bundesliga/,Bundesliga,81,Germany,QwzghtID,8UYeqfiD,W6BOzpK2,187,"[{""tournament_stage_id"": ""8UYeqfiD"", ""name"": ""Main""}]"
/football/germany/2-bundesliga/,2. Bundesliga,81,Germany,QRN71hyK,McQM1y7s,tKH71vSe,187,"[{""tournament_stage_id"": ""McQM1y7s"", ""name"": ""Main""}]"
/football/germany/3-liga/,3. Liga,81,Germany,fsEwdWbs,U7onbg66,fNLB0bs2,187,"[{""tournament_stage_id"": ""U7onbg66"", ""name"": ""Main""}]"
/football/germany/regionalliga-north/,Regionalliga North,81,Germany,KEQffATg,CATzJzTP,jV4OhMB1,187,"[{""tournament_stage_id"": ""CATzJzTP"", ""name"": ""Main""}]"
/football/germany/regionalliga-nordost/,Regionalliga Nordost,81,Germany,6ZOOglb6,8QWNBhLa,lMiBiHst,187,"[{""tournament_stage_id"": ""8QWNBhLa"", ""name"": ""Main""}]"
/football/germany/regionalliga-west/,Regionalliga West,81,Germany,21IXiSSI,8Oi4iOZp,nsGIGP38,187,"[{""tournament_stage_id"": ""8Oi4iOZp"", ""name"": ""Main""}]"
/football/germany/regionalliga-sudwest/,Regionalliga Sudwest,81,Germany,dnhiaqzn,hxgaFRRi,G6hmqKkJ,187,"[{""tournament_stage_id"": ""hxgaFRRi"", ""name"": ""Main""}]"
/football/germany/regionalliga-bayern/,Regionalliga Bayern,81,Germany,ht22nN4b,8bKbQrtA,trcecUvT,187,"[{""tournament_stage_id"": ""8bKbQrtA"", ""name"": ""Main""}]"
/football/germany/regionalliga-play-offs/,Regionalliga Play Offs,81,Germany,OMJvZk1s,Usd8D3Rh,pt3RHi3j,184,"[{""tournament_stage_id"": ""Usd8D3Rh"", ""name"": ""Main""}]"
/football/germany/oberliga-nofv-nord/,Oberliga NOFV-Nord,81,Germany,zH3JvJRp,Gnnlure3,0OqaJuLt,187,"[{""tournament_stage_id"": ""Gnnlure3"", ""name"": ""Main""}]"
/football/germany/oberliga-nofv-sud/,Oberliga NOFV- Sud,81,Germany,hE9E2MJi,OCkdwMPF,SOCj7yOC,187,"[{""tournament_stage_id"": ""OCkdwMPF"", ""name"": ""Main""}]"
/football/germany/oberliga-nofv-relegation/,Oberliga NOFV - Relegation,81,Germany,67sSlAek,48lYeJpK,jL3uskn3,184,"[{""tournament_stage_id"": ""48lYeJpK"", ""name"": ""Main""}]"
/football/germany/oberliga-schleswig-holstein/,Oberliga Schleswig-Holstein,81,Germany,46Ka0vJG,foshUHn2,A1u6Khre,187,"[{""tournament_stage_id"": ""foshUHn2"", ""name"": ""Main""}]"
/football/germany/oberliga-hamburg/,Oberliga Hamburg,81,Germany,CWN7bImT,6ZHUsH1e,4Gnjr60b,187,"[{""tournament_stage_id"": ""6ZHUsH1e"", ""name"": ""Main""}]"
/football/germany/oberliga-bremen/,Oberliga Bremen,81,Germany,AyZtHa3c,EsrEqUx0,dby2LYSl,187,"[{""tournament_stage_id"": ""EsrEqUx0"", ""name"": ""Main""}]"
/football/germany/oberliga-niedersachsen/,Oberliga Niedersachsen,81,Germany,63SkFwY9,M7oMs87C,2yxbMEDr,187,"[{""tournament_stage_id"": ""M7oMs87C"", ""name"": ""Main""}]"
/football/germany/oberliga-westfalen/,Oberliga Westfalen,81,Germany,rZl6DH2M,8YhCd7M5,YXXRPFeA,187,"[{""tournament_stage_id"": ""8YhCd7M5"", ""name"": ""Main""}]"
/football/germany/oberliga-hessen/,Oberliga Hessen,81,Germany,tEQb9eQq,CQkThPLU,MmeMTHZB,187,"[{""tournament_stage_id"": ""CQkThPLU"", ""name"": ""Main""}]"
/football/germany/oberliga-rheinland-pfalz-saar/,Oberliga Rheinland-Pfalz/Saar,81,Germany,YLr67Zfd,8tPieF2b,pAYoEyRc,187,"[{""tournament_stage_id"": ""8tPieF2b"", ""name"": ""Main""}]"
/football/germany/oberliga-bayern-nord/,Oberliga Bayern Nord,81,Germany,IZq1Vxm3,lS666WGG,YcZH14S6,187,"[{""tournament_stage_id"": ""lS666WGG"", ""name"": ""Main""}]"
/football/germany/oberliga-bayern-sud/,Oberliga Bayern Süd,81,Germany,4frVUGHF,pf0F4AoT,MNVD2pD0,187,"[{""tournament_stage_id"": ""pf0F4AoT"", ""name"": ""Main""}]"
/football/germany/oberliga-baden-wurttemberg/,Oberliga Baden-Württemberg,81,Germany,4v0nTfnS,tQooal9j,djqrpSVo,187,"[{""tournament_stage_id"": ""tQooal9j"", ""name"": ""Main""}]"
/football/germany/oberliga-mittelrhein/,Oberliga Mittelrhein,81,Germany,0AoINY9k,llrLLi1c,O0XkDet4,187,"[{""tournament_stage_id"": ""llrLLi1c"", ""name"": ""Main""}]"
/football/germany/oberliga-niederrhein/,Oberliga Niederrhein,81,Germany,b7duNCv2,dEoTJVV9,xtZLDHBi,187,"[{""tournament_stage_id"": ""dEoTJVV9"", ""name"": ""Main""}]"
/football/germany/oberliga-nrw/,Oberliga NRW,81,Germany,6qo2KXnA,KG1kEFtC,KYurXCc1,80,"[{""tournament_stage_id"": ""KG1kEFtC"", ""name"": ""Main""}]"
/football/germany/oberliga-bayern/,Oberliga Bayern,81,Germany,2kTnbRDU,WAx1dahJ,O2hXNLCP,80,"[{""tournament_stage_id"": ""WAx1dahJ"", ""name"": ""Main""}]"
/football/germany/oberliga-bayern-relegation/,Oberliga Bayern - Relegation,81,Germany,AiLYe8iP,CUNgvioF,CpMaoseh,184,"[{""tournament_stage_id"": ""CUNgvioF"", ""name"": ""Main""}]"
/football/germany/oberliga-play-offs/,Oberliga Play Offs,81,Germany,C070iSat,OxNHBY1M,UmHWv8n9,184,"[{""tournament_stage_id"": ""OxNHBY1M"", ""name"": ""Main""}, {""tournament_stage_id"": ""0IGe4jfd"", ""name"": ""Main""}]"
/football/germany/dfb-pokal/,DFB Pokal,81,Germany,vcnpSoof,KKM91NFr,MNEDyOlF,187,"[{""tournament_stage_id"": ""KKM91NFr"", ""name"": ""Main""}]"
/football/germany/super-cup/,Super Cup,81,Germany,KQA8k6Uh,OIbWij08,bHJMFqJE,182,"[{""tournament_stage_id"": ""OIbWij08"", ""name"": ""Main""}]"
/football/germany/dfb-youth-league/,DFB Youth League,81,Germany,xIp4YNk4,4QFIsvYj,htYaQO9L,187,"[{""tournament_stage_id"": ""Khvnm0AT"", ""name"": ""Preliminary""}, {""tournament_stage_id"": ""4QFIsvYj"", ""name"": ""League A""}, {""tournament_stage_id"": ""UmPL3LfA"", ""name"": ""League B""}]"
/football/germany/dfb-junioren-pokal/,DFB Junioren Pokal,81,Germany,OhzNT2aC,b1WlTaEs,tGIKopP7,187,"[{""tournament_stage_id"": ""b1WlTaEs"", ""name"": ""Main""}]"
/football/germany/kings-league-germany/,Kings League - Germany,81,Germany,27tNQWG8,2uIjKaH5,xOxYeGec,187,"[{""tournament_stage_id"": ""2uIjKaH5"", ""name"": ""Main""}]"
/football/germany/bundesliga-women/,Bundesliga Women,81,Germany,KKTVRtUO,bol6Rwqf,x6Lam4Z8,187,"[{""tournament_stage_id"": ""bol6Rwqf"", ""name"": ""Main""}]"
/football/germany/2-bundesliga-women/,2. Bundesliga Women,81,Germany,vkSmnpFt,4riEPHD6,6wFKOdxG,187,"[{""tournament_stage_id"": ""4riEPHD6"", ""name"": ""Main""}]"
/football/germany/dfb-pokal-women/,DFB Pokal Women,81,Germany,EBGIoOqg,QcuNNerJ,0EDHzr4L,187,"[{""tournament_stage_id"": ""QcuNNerJ"", ""name"": ""Main""}]"
/football/germany/super-cup-women/,Super Cup Women,81,Germany,vDDzThJr,EFq7F6K8,OQal39W1,182,"[{""tournament_stage_id"": ""EFq7F6K8"", ""name"": ""Main""}]"
/football/italy/serie-a/,Serie A,98,Italy,04lKZTBr,6PWwAsA7,COuk57Ci,187,"[{""tournament_stage_id"": ""6PWwAsA7"", ""name"": ""Main""}]"
/football/italy/serie-b/,Serie B,98,Italy,zRxkZ7te,jwYYXp2E,6oug4RRc,187,"[{""tournament_stage_id"": ""jwYYXp2E"", ""name"": ""Main""}]"
/football/italy/serie-c-group-a/,Serie C - Group A,98,Italy,tOucXoB7,p4HJqOoK,jqT0Bapm,187,"[{""tournament_stage_id"": ""p4HJqOoK"", ""name"": ""Main""}]"
/football/italy/serie-c-group-b/,Serie C - Group B,98,Italy,Qyshek3E,Uygjv29s,v9PdCuVt,187,"[{""tournament_stage_id"": ""Uygjv29s"", ""name"": ""Main""}]"
/football/italy/serie-c-group-c/,Serie C - Group C,98,Italy,AV3ovsmm,6LU5xtvf,MsYTtKp0,187,"[{""tournament_stage_id"": ""6LU5xtvf"", ""name"": ""Main""}]"
/football/italy/serie-c-promotion-play-offs/,Serie C - Promotion - Play Offs,98,Italy,0UwVxQ3E,n1aeaq3T,zoxYuv06,184,"[{""tournament_stage_id"": ""n1aeaq3T"", ""name"": ""Main""}]"
/football/italy/serie-c-play-out/,Serie C - Play Out,98,Italy,MwuRw6l8,8A0i0PmN,d0QtvIUI,184,"[{""tournament_stage_id"": ""8A0i0PmN"", ""name"": ""Main""}]"
/football/italy/serie-d-group-a/,Serie D - Group A,98,Italy,tQUXZxHO,OtJmiugm,lK4fBirm,187,"[{""tournament_stage_id"": ""OtJmiugm"", ""name"": ""Main""}]"
/football/italy/serie-d-group-b/,Serie D - Group B,98,Italy,z7Ykft2t,juioVlxo,dl4KBBcg,187,"[{""tournament_stage_id"": ""juioVlxo"", ""name"": ""Main""}]"
/football/italy/serie-d-group-c/,Serie D - Group C,98,Italy,dMMbhKWh,IypckATG,65x4OVCa,187,"[{""tournament_stage_id"": ""IypckATG"", ""name"": ""Main""}]"
/football/italy/serie-d-group-d/,Serie D - Group D,98,Italy,naqyhb15,EspW5VDc,lUR8NkS5,187,"[{""tournament_stage_id"": ""EspW5VDc"", ""name"": ""Main""}]"
/football/italy/serie-d-group-e/,Serie D - Group E,98,Italy,S8iqjxWH,vwuze55d,2XVCM9sC,187,"[{""tournament_stage_id"": ""vwuze55d"", ""name"": ""Main""}]"
/football/italy/serie-d-group-f/,Serie D - Group F,98,Italy,0MkilG0U,6cGC84Kk,dfVGLTdI,187,"[{""tournament_stage_id"": ""6cGC84Kk"", ""name"": ""Main""}]"
/football/italy/serie-d-group-g/,Serie D - Group G,98,Italy,MavW9Jon,4YNNSPBL,zoUKKmCO,187,"[{""tournament_stage_id"": ""4YNNSPBL"", ""name"": ""Main""}]"
/football/italy/serie-d-group-h/,Serie D - Group H,98,Italy,UPsv8cGb,xQC5sPQE,rDMCqXlP,187,"[{""tournament_stage_id"": ""xQC5sPQE"", ""name"": ""Main""}]"
/football/italy/serie-d-group-i/,Serie D - Group I,98,Italy,fcfe6yoB,2ep3LY9C,pM8vuict,187,"[{""tournament_stage_id"": ""2ep3LY9C"", ""name"": ""Main""}]"
/football/italy/serie-d-winners-stag/,Serie D - Winners stage,98,Italy,AcIZyH2t,r98JGpY3,ImhF8n8h,184,"[{""tournament_stage_id"": ""r98JGpY3"", ""name"": ""Main""}, {""tournament_stage_id"": ""Ma7NF4mA"", ""name"": ""Play Offs""}]"
/football/italy/coppa-italia/,Coppa Italia,98,Italy,z5ujOdVi,vZxaIKKH,bLyo6mco,187,"[{""tournament_stage_id"": ""vZxaIKKH"", ""name"": ""Main""}]"
/football/italy/coppa-italia-serie-c/,Coppa Italia Serie C,98,Italy,ARTKNz04,z1W7GbkU,0AMHbjuF,187,"[{""tournament_stage_id"": ""z1W7GbkU"", ""name"": ""Main""}]"
/football/italy/coppa-italia-serie-d/,Coppa Italia Serie D,98,Italy,p4ONKEUG,fVUPz2zn,6FQ0WJ7j,187,"[{""tournament_stage_id"": ""fVUPz2zn"", ""name"": ""Main""}]"
/football/italy/super-cup/,Super Cup,98,Italy,MkTKZY15,CtfhFGAO,AiiibTti,182,"[{""tournament_stage_id"": ""CtfhFGAO"", ""name"": ""Main""}]"
/football/italy/super-cup-serie-c/,Super Cup (Serie C),98,Italy,4EIPYhHB,4EBrv0mP,rkKK54b6,182,"[{""tournament_stage_id"": ""4EBrv0mP"", ""name"": ""Main""}]"
/football/italy/primavera-1/,Primavera 1,98,Italy,zN4JxzFc,YaMqUc4N,tWO9gjI2,187,"[{""tournament_stage_id"": ""YaMqUc4N"", ""name"": ""Main""}]"
/football/italy/primavera-2/,Primavera 2,98,Italy,8z3RzEqA,dMHIpJl4,l42drEbb,187,"[{""tournament_stage_id"": ""dMHIpJl4"", ""name"": ""Main""}]"
/football/italy/coppa-italia-primavera/,Coppa Italia Primavera,98,Italy,6LaA75Tr,r3i1aI3c,j1pBfg5a,187,"[{""tournament_stage_id"": ""r3i1aI3c"", ""name"": ""Main""}]"
/football/italy/supercoppa-primavera/,Supercoppa Primavera,98,Italy,MF0iizXu,EiLoTZvO,Y97NgDK5,182,"[{""tournament_stage_id"": ""EiLoTZvO"", ""name"": ""Main""}]"
/football/italy/kings-league-italy/,Kings League - Italy,98,Italy,MDKze45j,OrlSz3yg,hKfbBFqn,187,"[{""tournament_stage_id"": ""OrlSz3yg"", ""name"": ""Main""}]"
/football/italy/serie-a-women/,Serie A Women,98,Italy,z1iR3NS7,C6VkulIr,dMXaGPOf,187,"[{""tournament_stage_id"": ""C6VkulIr"", ""name"": ""Main""}]"
/football/italy/serie-b-women/,Serie B Women,98,Italy,pK2sTQKE,Yws9cmvR,lIWIwelG,187,"[{""tournament_stage_id"": ""Yws9cmvR"", ""name"": ""Main""}]"
/football/italy/coppa-italia-women/,Coppa Italia Women,98,Italy,vJejR4kR,dtnlhR1l,MRvgNIq5,187,"[{""tournament_stage_id"": ""dtnlhR1l"", ""name"": ""Main""}]"
/football/italy/serie-a-cup-women/,Serie A Cup Women,98,Italy,bgtJEBZr,fLD2i25N,lYQPfqdl,187,"[{""tournament_stage_id"": ""fLD2i25N"", ""name"": ""Main""}, {""tournament_stage_id"": ""jiaYotTp"", ""name"": ""Play Offs""}]"
/football/italy/super-cup-women/,Super Cup Women,98,Italy,Y3FKnCoB,AkoAPQwj,zkJr8Gun,182,"[{""tournament_stage_id"": ""AkoAPQwj"", ""name"": ""Main""}]"
/football/sweden/allsvenskan/,Allsvenskan,181,Sweden,Qwn11AAt,ltrtRhko,nXxWpLmT,185,"[{""tournament_stage_id"": ""ltrtRhko"", ""name"": ""Main""}]"
/football/sweden/superettan/,Superettan,181,Sweden,CUbso4Nc,Mmys27Ja,bBIP6pm3,185,"[{""tournament_stage_id"": ""Mmys27Ja"", ""name"": ""Main""}]"
/football/sweden/division-1-norra/,Division 1 - Norra,181,Sweden,by2QcS95,vgofrhBT,UZCe41Bj,185,"[{""tournament_stage_id"": ""vgofrhBT"", ""name"": ""Main""}]"
/football/sweden/division-1-sodra/,Division 1 - Södra,181,Sweden,Q582ep9U,fkPIprhc,02P7Upli,185,"[{""tournament_stage_id"": ""fkPIprhc"", ""name"": ""Main""}]"
/football/sweden/division-1-relegation/,Division 1 - Relegation,181,Sweden,lndp1Ua5,r9jUGqzo,INQoyd4f,182,"[{""tournament_stage_id"": ""r9jUGqzo"", ""name"": ""Main""}]"
/football/sweden/division-2-norrland/,Division 2 - Norrland,181,Sweden,hfBEBqON,MgIYgwyS,YiHKRrY9,185,"[{""tournament_stage_id"": ""MgIYgwyS"", ""name"": ""Main""}]"
/football/sweden/division-2-norra-gotaland/,Division 2 - Norra Götaland,181,Sweden,pz7KFmfn,2aprs0iM,lhGQk0Yg,185,"[{""tournament_stage_id"": ""2aprs0iM"", ""name"": ""Main""}]"
/football/sweden/division-2-norra-svealand/,Division 2 - Norra Svealand,181,Sweden,WvN5D5gB,ld29cLy3,MHDGSOI3,185,"[{""tournament_stage_id"": ""ld29cLy3"", ""name"": ""Main""}]"
/football/sweden/division-2-sodra-gotaland/,Division 2 - Södra Götaland,181,Sweden,Y1d9T484,IaI7AbL8,ANwyQM2M,185,"[{""tournament_stage_id"": ""IaI7AbL8"", ""name"": ""Main""}]"
/football/sweden/division-2-sodra-svealand/,Division 2 - Södra Svealand,181,Sweden,Ct9nTrwH,lWddjUZg,4ORfkqIS,185,"[{""tournament_stage_id"": ""lWddjUZg"", ""name"": ""Main""}]"
/football/sweden/division-2-vastra-gotaland/,Division 2 - Västra Götaland,181,Sweden,IwCfRM7T,WElDnnZI,6XDMp3Qq,185,"[{""tournament_stage_id"": ""WElDnnZI"", ""name"": ""Main""}]"
/football/sweden/division-2-promotion-group/,Division 2 - Promotion Group,181,Sweden,nZBk4syA,jXn4wmSi,CdrcXPs6,182,"[{""tournament_stage_id"": ""jXn4wmSi"", ""name"": ""Main""}, {""tournament_stage_id"": ""r9jUGqzo"", ""name"": ""Promotion - Play Offs""}]"
/football/sweden/svenska-cupen/,Svenska Cupen,181,Sweden,8dhjqrhA,YBMGIS3t,pWCk7429,187,"[{""tournament_stage_id"": ""r3Pk0olC"", ""name"": ""Qualification""}, {""tournament_stage_id"": ""jTScbPIO"", ""name"": ""Main""}, {""tournament_stage_id"": ""YBMGIS3t"", ""name"": ""Play Offs""}]"
/football/sweden/allsvenskan-women/,Allsvenskan Women,181,Sweden,Y3k9alug,ATyMmdsh,Oz3Kisdp,185,"[{""tournament_stage_id"": ""ATyMmdsh"", ""name"": ""Main""}]"
/football/sweden/elitettan-women/,Elitettan Women,181,Sweden,2BmRL0Vj,nBtv5Tlm,bJV6wsuF,185,"[{""tournament_stage_id"": ""nBtv5Tlm"", ""name"": ""Main""}]"
/football/sweden/svenska-cupen-women/,Svenska Cupen Women,181,Sweden,vemsED6e,pz6lB22U,hxNnWi6H,187,"[{""tournament_stage_id"": ""GfEXEp35"", ""name"": ""Qualification""}, {""tournament_stage_id"": ""OKHuDOXH"", ""name"": ""Main""}, {""tournament_stage_id"": ""pz6lB22U"", ""name"": ""Play Offs""}]"
/football/turkey/super-lig/,Super Lig,191,Turkey,Kbv7JCLO,EVZfW0bc,Opdcd08Q,187,"[{""tournament_stage_id"": ""EVZfW0bc"", ""name"": ""Main""}]"
/football/turkey/1-lig/,1. Lig,191,Turkey,hlpPwnO8,jgd2GKdJ,Spw6Az1D,187,"[{""tournament_stage_id"": ""jgd2GKdJ"", ""name"": ""Main""}]"
/football/turkey/2-lig-white-group/,2. Lig White Group,191,Turkey,YZkUHe76,2NQpVJBC,v99EsEjo,187,"[{""tournament_stage_id"": ""2NQpVJBC"", ""name"": ""Main""}]"
/football/turkey/2-lig-red-group/,2. Lig Red Group,191,Turkey,0MiMJHxf,t8xxXus0,dUL46cTo,187,"[{""tournament_stage_id"": ""t8xxXus0"", ""name"": ""Main""}]"
/football/turkey/2-lig-play-offs/,2. Lig Play Offs,191,Turkey,hMwMVht1,zuZfWDn4,vRvKpKGc,184,"[{""tournament_stage_id"": ""zuZfWDn4"", ""name"": ""Main""}]"
/football/turkey/3-lig-group-1/,3. Lig Group 1,191,Turkey,8dvaHZyJ,vsP8X9ht,YT8o2dVC,187,"[{""tournament_stage_id"": ""vsP8X9ht"", ""name"": ""Main""}]"
/football/turkey/3-lig-group-2/,3. Lig Group 2,191,Turkey,vLfguwUP,CfNGVmNh,CK7k1GpJ,187,"[{""tournament_stage_id"": ""CfNGVmNh"", ""name"": ""Main""}]"
/football/turkey/3-lig-group-3/,3. Lig Group 3,191,Turkey,OhWPZGim,CvuYTRi5,ChwgcrNJ,187,"[{""tournament_stage_id"": ""CvuYTRi5"", ""name"": ""Main""}]"
/football/turkey/3-lig-group-4/,3. Lig Group 4,191,Turkey,jJnjNfMa,K4rtS5MH,f7kSi1M8,187,"[{""tournament_stage_id"": ""K4rtS5MH"", ""name"": ""Main""}]"
/football/turkey/3-lig-play-offs/,3. Lig Play Offs,191,Turkey,4ligz8Xn,SKEuDPoq,zcUpovW3,184,"[{""tournament_stage_id"": ""SKEuDPoq"", ""name"": ""Main""}]"
/football/turkey/turkish-cup/,Turkish Cup,191,Turkey,C6rByY55,rsMpLCb9,WbT430Fg,187,"[{""tournament_stage_id"": ""GfKhJjTL"", ""name"": ""Qualification""}, {""tournament_stage_id"": ""CAZbLzjd"", ""name"": ""Main""}, {""tournament_stage_id"": ""rsMpLCb9"", ""name"": ""Play Offs""}]"
/football/turkey/super-cup/,Super Cup,191,Turkey,0Gp2Yo2a,QeMjXpwF,AaJWovgK,182,"[{""tournament_stage_id"": ""QeMjXpwF"", ""name"": ""Main""}]"
/football/turkey/super-lig-women/,Super Lig Women,191,Turkey,txTouG6t,AcT3UvT9,jo7I5KPr,187,"[{""tournament_stage_id"": ""AcT3UvT9"", ""name"": ""Main""}]"
/football/austria/tirol/,Tirol,25,Austria,nRaKlw05,4Ese0Y46,IuR2pS4T,187,"[{""tournament_stage_id"": ""4Ese0Y46"", ""name"": ""Main""}]"
/football/chile/copa-de-la-liga/,Copa de la Liga,51,Chile,zJyD1KZh,b1hAnrVr,vaB25Efd,185,"[{""tournament_stage_id"": ""b1hAnrVr"", ""name"": ""Main""}]"
/football/australia/australian-championship/,Australian Championship,24,Australia,zob031Gi,jRBReoIk,CS1v5T7M,182,"[{""tournament_stage_id"": ""jRBReoIk"", ""name"": ""Main""}, {""tournament_stage_id"": ""dvsSgPn2"", ""name"": ""Play Offs""}]"
/football/colombia/super-cup/,Super Cup,53,Colombia,n77i5WEa,8S35Bbet,xf8XsTvf,185,"[{""tournament_stage_id"": ""8S35Bbet"", ""name"": ""Main""}]"
/football/brazil/carioca-2/,Carioca 2,39,Brazil,vuRqHbZ9,pOgbeVx8,nDvxRCgi,185,"[{""tournament_stage_id"": ""pOgbeVx8"", ""name"": ""Main""}]"
/football/brazil/carioca-b1/,Carioca B1,39,Brazil,fg5LsDqm,CxjtawAM,z9RQtBrA,182,"[{""tournament_stage_id"": ""CxjtawAM"", ""name"": ""Main""}, {""tournament_stage_id"": ""dARCgHXq"", ""name"": ""Play Offs""}]"
/football/brazil/carioca-b2/,Carioca B2,39,Brazil,dQ9ALMSp,44xB6fHk,Wp00u9SS,182,"[{""tournament_stage_id"": ""44xB6fHk"", ""name"": ""Main""}, {""tournament_stage_id"": ""QJQJ4Yo2"", ""name"": ""Play Offs""}]"
/football/brazil/carioca-c/,Carioca C,39,Brazil,KnS09fdd,WQdfhHmD,vuiibAc3,185,"[{""tournament_stage_id"": ""WQdfhHmD"", ""name"": ""Main""}]"
/football/brazil/catarinense/,Catarinense,39,Brazil,j5qsVFmS,rFXW5G26,jLpRXTi3,185,"[{""tournament_stage_id"": ""rFXW5G26"", ""name"": ""Main""}, {""tournament_stage_id"": ""juyu4fXI"", ""name"": ""Play Offs""}, {""tournament_stage_id"": ""rFHTS9xR"", ""name"": ""Losers Play Offs""}, {""tournament_stage_id"": ""v3nNwn9m"", ""name"": ""Relegation Group""}]"
/football/brazil/catarinense-2/,Catarinense 2,39,Brazil,YcIVCXu2,6yT5Mymm,x0KLUZud,185,"[{""tournament_stage_id"": ""6yT5Mymm"", ""name"": ""Main""}]"
/football/brazil/catarinense-3/,Catarinense 3,39,Brazil,Q1agpwdd,KGIQtmGG,S0q4e8sM,182,"[{""tournament_stage_id"": ""KGIQtmGG"", ""name"": ""Main""}, {""tournament_stage_id"": ""v5VbOv0k"", ""name"": ""Play Offs""}]"
/football/brazil/cearense/,Cearense,39,Brazil,U9TPzyY8,xMANIgnC,nizhYm79,185,"[{""tournament_stage_id"": ""xMANIgnC"", ""name"": ""Main""}, {""tournament_stage_id"": ""nosutgyo"", ""name"": ""5th-6th places""}, {""tournament_stage_id"": ""dANe0oWp"", ""name"": ""Play Offs""}, {""tournament_stage_id"": ""213SWBit"", ""name"": ""Championship Group""}, {""tournament_stage_id"": ""SYwjOlOi"", ""name"": ""Relegation Group""}]"
/football/brazil/cearense-2/,Cearense 2,39,Brazil,2RaLThQr,tt2NIphT,2BsDkQZe,185,"[{""tournament_stage_id"": ""tt2NIphT"", ""name"": ""Main""}]"
/football/brazil/cearense-3/,Cearense 3,39,Brazil,OtlURWfe,dxflyS7c,GEoHlpk2,182,"[{""tournament_stage_id"": ""dxflyS7c"", ""name"": ""Main""}, {""tournament_stage_id"": ""rghdZ5xA"", ""name"": ""Play Offs""}]"
/football/brazil/gaucho/,Gaucho,39,Brazil,URhgkEHE,zykhQ1ad,QsZeX7MF,185,"[{""tournament_stage_id"": ""27nFSWn9"", ""name"": ""Troféu Farroupilha - Play Offs""}, {""tournament_stage_id"": ""zykhQ1ad"", ""name"": ""Main""}, {""tournament_stage_id"": ""4W4nl5i3"", ""name"": ""Play Offs""}, {""tournament_stage_id"": ""xEWVkvQq"", ""name"": ""Relegation""}]"
/football/brazil/gaucho-2/,Gaucho 2,39,Brazil,EHL1my6O,zXCHZWXn,lhwL191p,182,"[{""tournament_stage_id"": ""zXCHZWXn"", ""name"": ""Main""}, {""tournament_stage_id"": ""ENBLYjmg"", ""name"": ""Play Offs""}]"
/football/brazil/gaucho-3/,Gaucho 3,39,Brazil,I7x7hG66,St87xEYO,KjrHhq4e,182,"[{""tournament_stage_id"": ""St87xEYO"", ""name"": ""Main""}, {""tournament_stage_id"": ""AP1QdHJt"", ""name"": ""Play Offs""}]"
/football/brazil/goiano/,Goiano,39,Brazil,2TldWqWa,URajwuq2,K4YaWRyM,185,"[{""tournament_stage_id"": ""dE1ru1Ek"", ""name"": ""Main""}, {""tournament_stage_id"": ""AVEUqfDa"", ""name"": ""5th-8th places - Play Offs""}, {""tournament_stage_id"": ""URajwuq2"", ""name"": ""Play Offs""}, {""tournament_stage_id"": ""rchZ3dTi"", ""name"": ""Relegation""}]"
/football/brazil/goiano-2/,Goiano 2,39,Brazil,j9ytX4pn,0W1dOZdl,nF9iel9C,182,"[{""tournament_stage_id"": ""0W1dOZdl"", ""name"": ""Main""}]"
/football/brazil/goiano-3/,Goiano 3,39,Brazil,GMGy0OJj,t8Eh96Q0,0SnCCms9,182,"[{""tournament_stage_id"": ""t8Eh96Q0"", ""name"": ""Main""}]"
/football/brazil/maranhense/,Maranhense,39,Brazil,W8tDS1VO,WQEXcM5L,WbvlLMm7,185,"[{""tournament_stage_id"": ""WQEXcM5L"", ""name"": ""Main""}, {""tournament_stage_id"": ""KGECh0Tr"", ""name"": ""Play Offs""}, {""tournament_stage_id"": ""AVW9nPWO"", ""name"": ""Relegation""}]"
/football/brazil/maranhense-2/,Maranhense 2,39,Brazil,8Sq4Q0Ik,l233lZqA,GbBedGf6,182,"[{""tournament_stage_id"": ""l233lZqA"", ""name"": ""Main""}, {""tournament_stage_id"": ""CMsDnDEM"", ""name"": ""Play Offs""}]"
/football/brazil/matogrossense/,Matogrossense,39,Brazil,4puil5Gt,StIKjvbe,Gzbi2Ywh,185,"[{""tournament_stage_id"": ""StIKjvbe"", ""name"": ""Main""}, {""tournament_stage_id"": ""MuBTlIS7"", ""name"": ""Play Offs""}]"
/football/brazil/matogrossense-2/,Matogrossense 2,39,Brazil,pfmanqog,IiMNCLKE,MqrXe4Lh,182,"[{""tournament_stage_id"": ""IiMNCLKE"", ""name"": ""Main""}, {""tournament_stage_id"": ""ChvdfD4m"", ""name"": ""Play Offs""}]"
/football/brazil/mineiro/,Mineiro,39,Brazil,dnbpp1pI,W6hTl9YO,MPE3SUM5,185,"[{""tournament_stage_id"": ""W6hTl9YO"", ""name"": ""Main""}, {""tournament_stage_id"": ""n3pf7jlg"", ""name"": ""5th-8th places""}, {""tournament_stage_id"": ""Eknn9CJt"", ""name"": ""Play Offs""}]"
/football/brazil/mineiro-2/,Mineiro 2,39,Brazil,4C1hruFU,veKI38mI,SrxP0TGj,185,"[{""tournament_stage_id"": ""veKI38mI"", ""name"": ""Main""}]"
/football/brazil/mineiro-3/,Mineiro 3,39,Brazil,p2lIhbYo,EHWDzVX0,O8ntGQQE,182,"[{""tournament_stage_id"": ""EHWDzVX0"", ""name"": ""Main""}, {""tournament_stage_id"": ""AqQMY82D"", ""name"": ""Final Group""}]"
/football/brazil/paraense/,Paraense,39,Brazil,6VY4EXXA,rX0KO1Cc,WSLB5dci,185,"[{""tournament_stage_id"": ""rX0KO1Cc"", ""name"": ""Main""}, {""tournament_stage_id"": ""4nkTMusA"", ""name"": ""Play Offs""}]"
/football/brazil/paraense-a2/,Paraense A2,39,Brazil,UPx6gB9j,ra7yHciA,Uok9CNkh,185,"[{""tournament_stage_id"": ""ra7yHciA"", ""name"": ""Main""}]"
/football/brazil/paraense-a3/,Paraense A3,39,Brazil,j3kd8AOq,21uALhTk,8xlDBs5b,182,"[{""tournament_stage_id"": ""21uALhTk"", ""name"": ""Main""}, {""tournament_stage_id"": ""8brIJWc2"", ""name"": ""Play Offs""}]"
/football/brazil/paraibano/,Paraibano,39,Brazil,vqXCCB2N,KdCFFcZq,QVzcgzUp,185,"[{""tournament_stage_id"": ""GUGqLJBM"", ""name"": ""Main""}, {""tournament_stage_id"": ""KdCFFcZq"", ""name"": ""Play Offs""}]"
/football/brazil/paraibano-2/,Paraibano 2,39,Brazil,IwKQ1KY2,ShdPHhOt,OxhYHMwi,182,"[{""tournament_stage_id"": ""ShdPHhOt"", ""name"": ""Main""}, {""tournament_stage_id"": ""AHoUGCwm"", ""name"": ""Play Offs""}]"
/football/brazil/paranaense/,Paranaense,39,Brazil,UJptKhIi,K0KQZIQF,pScFgSj2,185,"[{""tournament_stage_id"": ""K0KQZIQF"", ""name"": ""Main""}, {""tournament_stage_id"": ""pYWsYdeS"", ""name"": ""Play Offs""}, {""tournament_stage_id"": ""vm4vxQw0"", ""name"": ""Relegation - Play Offs""}]"
/football/brazil/paranaense-2/,Paranaense 2,39,Brazil,jZYlIWn4,f7IDSzJk,rwLHVFQk,185,"[{""tournament_stage_id"": ""f7IDSzJk"", ""name"": ""Main""}]"
/football/brazil/paranaense-3/,Paranaense 3,39,Brazil,xlLD6jIt,KMsL3bpT,fofEf25B,182,"[{""tournament_stage_id"": ""KMsL3bpT"", ""name"": ""Main""}, {""tournament_stage_id"": ""GhTjbx8j"", ""name"": ""Play Offs""}]"
/football/brazil/paulista/,Paulista,39,Brazil,tCeRHAHG,noNGlIu9,CCW826Dg,185,"[{""tournament_stage_id"": ""noNGlIu9"", ""name"": ""Main""}, {""tournament_stage_id"": ""tnukW9Ps"", ""name"": ""Play Offs""}]"
/football/brazil/paulista-a2/,Paulista A2,39,Brazil,zBlzGlnT,6gO0Hf3L,WCjg6kgT,185,"[{""tournament_stage_id"": ""GOZiTmff"", ""name"": ""First stage""}, {""tournament_stage_id"": ""6gO0Hf3L"", ""name"": ""Second stage""}]"
/football/brazil/paulista-a3/,Paulista A3,39,Brazil,Wtz6AS9j,4UX3m9oQ,Eo1Qi0kU,185,"[{""tournament_stage_id"": ""p4R8P5gJ"", ""name"": ""Main""}, {""tournament_stage_id"": ""4UX3m9oQ"", ""name"": ""Play Offs""}]"
/football/brazil/paulista-a4/,Paulista A4,39,Brazil,U1yNZV1c,00JZsm9m,2NkXunWm,185,"[{""tournament_stage_id"": ""00JZsm9m"", ""name"": ""Main""}]"
/football/brazil/paulista-b/,Paulista B,39,Brazil,2ainWm1M,Sj1QfQhg,46YornoJ,185,"[{""tournament_stage_id"": ""Sj1QfQhg"", ""name"": ""Main""}]"
/football/brazil/pernambucano/,Pernambucano,39,Brazil,jTXwSROq,8EKckMMU,2P3AHVr9,185,"[{""tournament_stage_id"": ""8EKckMMU"", ""name"": ""Main""}, {""tournament_stage_id"": ""CG6Qo4Vo"", ""name"": ""Play Offs""}]"
/football/brazil/pernambucano-2/,Pernambucano 2,39,Brazil,lb5k2T23,ObOTVHzS,MskXPKl4,182,"[{""tournament_stage_id"": ""ObOTVHzS"", ""name"": ""Main""}, {""tournament_stage_id"": ""hUthQebk"", ""name"": ""Play Offs""}]"
/football/brazil/pernambucano-3/,Pernambucano 3,39,Brazil,lGgXrqMm,tjg7ewLp,IDvbQv4A,177,"[{""tournament_stage_id"": ""tjg7ewLp"", ""name"": ""Main""}]"
/football/brazil/piauiense/,Piauiense,39,Brazil,neRnQ5gd,WUKct0aN,p2rhKt3D,185,"[{""tournament_stage_id"": ""bHMkrMUA"", ""name"": ""Main""}, {""tournament_stage_id"": ""WUKct0aN"", ""name"": ""Play Offs""}]"
/football/brazil/piauiense-2/,Piauiense 2,39,Brazil,SSpv9WRQ,YLoS1tHN,tz4x8a4N,182,"[{""tournament_stage_id"": ""YLoS1tHN"", ""name"": ""Main""}, {""tournament_stage_id"": ""44xbdKvo"", ""name"": ""Play Offs""}]"
/football/brazil/piauiense-u20/,Piauiense U20,39,Brazil,AFVeO9N0,SAHozT24,C0soJddp,182,"[{""tournament_stage_id"": ""SAHozT24"", ""name"": ""Main""}, {""tournament_stage_id"": ""hrU2Y6XG"", ""name"": ""Play Offs""}]"
/football/brazil/potiguar/,Potiguar,39,Brazil,r7xsl9o3,6X2TzVS1,AJKF4GCc,185,"[{""tournament_stage_id"": ""6LWNbsFi"", ""name"": ""Main""}, {""tournament_stage_id"": ""6X2TzVS1"", ""name"": ""Play Offs""}]"
/football/brazil/potiguar-2/,Potiguar 2,39,Brazil,StGUDbeJ,j7srbmWb,0Ai5sK3c,182,"[{""tournament_stage_id"": ""j7srbmWb"", ""name"": ""First stage""}, {""tournament_stage_id"": ""S2cMHSv9"", ""name"": ""Second stage""}]"
/football/brazil/rondoniense/,Rondoniense,39,Brazil,ITQBmmGF,ML2BeCkL,zocp8BOG,185,"[{""tournament_stage_id"": ""Eea3cYK8"", ""name"": ""Main""}, {""tournament_stage_id"": ""ML2BeCkL"", ""name"": ""Play Offs""}]"
/football/brazil/rondoniense-2/,Rondoniense 2,39,Brazil,Y9c4Kl6r,tj37kMFk,rijTQ0Zc,182,"[{""tournament_stage_id"": ""tj37kMFk"", ""name"": ""Main""}]"
/football/brazil/roraimense/,Roraimense,39,Brazil,xjawUv0l,4E3A8kZQ,hxzY8i9A,185,"[{""tournament_stage_id"": ""Cza7n8C7"", ""name"": ""Main""}, {""tournament_stage_id"": ""4E3A8kZQ"", ""name"": ""Play Offs""}]"
/football/brazil/sergipano/,Sergipano,39,Brazil,pQoGRdaD,fZWfEpB6,M9Aetg5p,185,"[{""tournament_stage_id"": ""lxUnG6tf"", ""name"": ""Main""}, {""tournament_stage_id"": ""fZWfEpB6"", ""name"": ""Play Offs""}]"
/football/brazil/sergipano-2/,Sergipano 2,39,Brazil,UHpPTQVQ,rwnlbyoC,pptQ07dF,182,"[{""tournament_stage_id"": ""rwnlbyoC"", ""name"": ""Main""}]"
/football/brazil/sergipano-3/,Sergipano 3,39,Brazil,4Ms6ubOp,fB8v3TPF,CrpN6kwA,182,"[{""tournament_stage_id"": ""fB8v3TPF"", ""name"": ""Main""}, {""tournament_stage_id"": ""feQe17fS"", ""name"": ""Play Offs""}]"
/football/brazil/sul-matogrossense/,Sul-Matogrossense,39,Brazil,4jhBk0iK,6cIUU5em,Acce1hgb,185,"[{""tournament_stage_id"": ""nDybzSXP"", ""name"": ""Main""}, {""tournament_stage_id"": ""6cIUU5em"", ""name"": ""Play Offs""}]"
/football/brazil/sul-matogrossense-2/,Sul-Matogrossense 2,39,Brazil,ILwGjfTi,WQzqfGfJ,G0rNhtzO,182,"[{""tournament_stage_id"": ""WQzqfGfJ"", ""name"": ""Main""}]"
/football/brazil/tocantinense/,Tocantinense,39,Brazil,0MwspvFs,2VfnRNfC,I9nk7VwN,185,"[{""tournament_stage_id"": ""rTvoTqQa"", ""name"": ""Main""}, {""tournament_stage_id"": ""2VfnRNfC"", ""name"": ""Play Offs""}]"
/football/brazil/tocantinense-2/,Tocantinense 2,39,Brazil,MZaCGAd3,EiJuaWmd,lps1B9Xl,182,"[{""tournament_stage_id"": ""EiJuaWmd"", ""name"": ""Main""}, {""tournament_stage_id"": ""b5KzNZu3"", ""name"": ""Play Offs""}]"
/football/brazil/tocantinense-u20/,Tocantinense U20,39,Brazil,xCPf66Jk,6aVYZCP8,dnYQrybk,182,"[{""tournament_stage_id"": ""6aVYZCP8"", ""name"": ""Main""}, {""tournament_stage_id"": ""Qmr7H49s"", ""name"": ""Play Offs""}, {""tournament_stage_id"": ""v5a6jJTp"", ""name"": ""Promotion - Play Offs""}]"
/football/brazil/copa-betano-do-brasil/,Copa Betano do Brasil,39,Brazil,2yDCqIqf,8UMJ8Fvo,zFsJPnr6,185,"[{""tournament_stage_id"": ""8UMJ8Fvo"", ""name"": ""Main""}]"
/football/brazil/copa-do-brasil-u20/,Copa do Brasil U20,39,Brazil,x08S8H72,8hgZdJwJ,IVerjrRP,182,"[{""tournament_stage_id"": ""8hgZdJwJ"", ""name"": ""Main""}]"
/football/brazil/copa-do-brasil-u17/,Copa do Brasil U17,39,Brazil,bc0QmCV1,tO8LPcY0,zP3AAzCM,185,"[{""tournament_stage_id"": ""tO8LPcY0"", ""name"": ""Main""}]"
/football/brazil/copa-alagoas/,Copa Alagoas,39,Brazil,tzGq5wyQ,2e64KhOj,xl8K5rP0,185,"[{""tournament_stage_id"": ""rBPXPE0T"", ""name"": ""Main""}, {""tournament_stage_id"": ""2e64KhOj"", ""name"": ""Play Offs""}]"
/football/brazil/copa-centro-oeste/,Copa Centro-Oeste,39,Brazil,CSzplzYF,OCBawXAc,EoJTA1hm,185,"[{""tournament_stage_id"": ""OCBawXAc"", ""name"": ""Main""}]"
/football/brazil/copa-espirito-santo/,Copa Espirito Santo,39,Brazil,zNIWceTa,4hEfZiwp,tOo4Xjf8,185,"[{""tournament_stage_id"": ""4hEfZiwp"", ""name"": ""Main""}]"
/football/brazil/copa-fares-lopes/,Copa Fares Lopes,39,Brazil,Yu6LNqpI,CU7shvGL,nwp9f5Zr,182,"[{""tournament_stage_id"": ""CU7shvGL"", ""name"": ""Main""}, {""tournament_stage_id"": ""CIHLnIwq"", ""name"": ""Play Offs""}]"
/football/brazil/copa-fgf/,Copa FGF,39,Brazil,tpGgv5Ub,nRtKWHAa,460Abbes,182,"[{""tournament_stage_id"": ""nRtKWHAa"", ""name"": ""Main""}, {""tournament_stage_id"": ""KvuSUeuC"", ""name"": ""Play Offs""}]"
/football/brazil/copa-fmf-mato-grosso/,Copa FMF (Mato Grosso),39,Brazil,04l7A477,UJ5CqzWK,fP0vDqLu,177,"[{""tournament_stage_id"": ""UJ5CqzWK"", ""name"": ""Main""}, {""tournament_stage_id"": ""8A4GrfoR"", ""name"": ""Play Offs""}]"
/football/brazil/copa-grao-para/,Copa Grao Para,39,Brazil,I9A9eDSO,S0YMiiaS,U7Wy0Kke,185,"[{""tournament_stage_id"": ""S0YMiiaS"", ""name"": ""Main""}]"
/football/brazil/copa-norte/,Copa Norte,39,Brazil,42Xyjd33,AqKYKkeT,8nidT98E,185,"[{""tournament_stage_id"": ""AqKYKkeT"", ""name"": ""Main""}]"
/football/brazil/copa-paulista/,Copa Paulista,39,Brazil,j3CW7yN8,ClKk5GVu,6LFqoW2l,182,"[{""tournament_stage_id"": ""ClKk5GVu"", ""name"": ""Main""}, {""tournament_stage_id"": ""QiOg4zon"", ""name"": ""Play Offs""}]"
/football/brazil/copa-rio/,Copa Rio,39,Brazil,lY811YC5,dzad6jEL,xMPnQS9k,182,"[{""tournament_stage_id"": ""dzad6jEL"", ""name"": ""Main""}]"
/football/brazil/copa-rio-u20/,Copa Rio U20,39,Brazil,lMbdJgcn,Ktbp5bfE,baQs5Is5,185,"[{""tournament_stage_id"": ""Ktbp5bfE"", ""name"": ""Main""}]"
/football/brazil/copa-santa-catarina/,Copa Santa Catarina,39,Brazil,fFRFb3tp,vLNZhPiU,AsOrFCsH,182,"[{""tournament_stage_id"": ""vLNZhPiU"", ""name"": ""Main""}, {""tournament_stage_id"": ""niChDSxn"", ""name"": ""Play Offs""}]"
/football/brazil/copa-sul-sudeste/,Copa Sul-Sudeste,39,Brazil,hv0wcjQG,IcmnP5Q7,CzG28lrm,185,"[{""tournament_stage_id"": ""IcmnP5Q7"", ""name"": ""Main""}]"
/football/brazil/copa-verde/,Copa Verde,39,Brazil,pQBz7exF,KENc3f0h,MX0a0C84,182,"[{""tournament_stage_id"": ""KENc3f0h"", ""name"": ""Main""}]"
/football/brazil/copa-do-nordeste/,Copa do Nordeste,39,Brazil,MBKRIOXF,AZYl22Up,Ao7GPS6O,185,"[{""tournament_stage_id"": ""AZYl22Up"", ""name"": ""Main""}]"
/football/brazil/supercopa-do-brasil/,Supercopa do Brasil,39,Brazil,nqXrH22S,8fbHK1jT,v3klObUb,185,"[{""tournament_stage_id"": ""8fbHK1jT"", ""name"": ""Main""}]"
/football/brazil/recopa-catarinense/,Recopa Catarinense,39,Brazil,xWQrBKf2,Ojjrwq6c,6ZrxWlvR,185,"[{""tournament_stage_id"": ""Ojjrwq6c"", ""name"": ""Main""}]"
/football/brazil/recopa-gaucho/,Recopa Gaucho,39,Brazil,84Q7Y1HL,fNUWIEKr,prwZFDl8,185,"[{""tournament_stage_id"": ""fNUWIEKr"", ""name"": ""Main""}]"
/football/brazil/brasileiro-u23/,Brasileiro U23,39,Brazil,t8MQQHWi,WO5hxie3,0GEaHRAf,177,"[{""tournament_stage_id"": ""WO5hxie3"", ""name"": ""Main""}, {""tournament_stage_id"": ""ERacEm3d"", ""name"": ""Play Offs""}]"
/football/brazil/brasileiro-u20/,Brasileiro U20,39,Brazil,4KTfRJ9e,GftjyEtR,rRJNXvtn,185,"[{""tournament_stage_id"": ""GftjyEtR"", ""name"": ""Main""}]"
/football/brazil/brasileiro-u20-b/,Brasileiro U20 B,39,Brazil,Msr8cYve,Glkq28K6,Y3u36EZq,185,"[{""tournament_stage_id"": ""Glkq28K6"", ""name"": ""Main""}]"
/football/brazil/brasileiro-u17/,Brasileiro U17,39,Brazil,p05RCtNb,nmjZnRhK,dEviSpu9,182,"[{""tournament_stage_id"": ""nmjZnRhK"", ""name"": ""Main""}, {""tournament_stage_id"": ""6XW5s5Gs"", ""name"": ""Play Offs""}]"
/football/brazil/acreano-u20/,Acreano U20,39,Brazil,UVMOQcv8,z5CPSVY0,Aa58kqA7,182,"[{""tournament_stage_id"": ""z5CPSVY0"", ""name"": ""Main""}, {""tournament_stage_id"": ""rVFXQ93D"", ""name"": ""Play Offs""}]"
/football/brazil/alagoano-u20/,Alagoano U20,39,Brazil,f7rT5y5j,tG05YuVP,bc9G6O9f,182,"[{""tournament_stage_id"": ""tG05YuVP"", ""name"": ""First stage""}, {""tournament_stage_id"": ""reqqq1Ob"", ""name"": ""Second stage""}, {""tournament_stage_id"": ""jknyTJhm"", ""name"": ""Play Offs""}]"
/football/brazil/amazonense-u20/,Amazonense U20,39,Brazil,UqLJgeQ8,vVI0J3QE,YFPs9L86,182,"[{""tournament_stage_id"": ""vVI0J3QE"", ""name"": ""Main""}, {""tournament_stage_id"": ""zcC9HseR"", ""name"": ""Play Offs""}]"
/football/brazil/baiano-u20/,Baiano U20,39,Brazil,KxPxLcnl,jRwPwmmJ,Ie5sQ08g,185,"[{""tournament_stage_id"": ""jRwPwmmJ"", ""name"": ""Main""}]"
/football/brazil/brasiliense-u20/,Brasiliense U20,39,Brazil,QZRpJyH0,QHkkdU2m,rVMNKTLj,182,"[{""tournament_stage_id"": ""QHkkdU2m"", ""name"": ""Main""}, {""tournament_stage_id"": ""2mC5f8Xa"", ""name"": ""Play Offs""}]"
/football/brazil/capixaba-u20/,Capixaba U20,39,Brazil,Gh8tyc1s,0CD47oH5,6iClKehF,185,"[{""tournament_stage_id"": ""0CD47oH5"", ""name"": ""Main""}]"
/football/brazil/carioca-u20/,Carioca U20,39,Brazil,hOUdZzWg,dMquBKNc,Ywp0dlSF,182,"[{""tournament_stage_id"": ""UJa47xNM"", ""name"": ""Taca Rio""}, {""tournament_stage_id"": ""dMquBKNc"", ""name"": ""Taca Guanabara""}, {""tournament_stage_id"": ""IyYm9bhA"", ""name"": ""Taca Guanabara - Play Offs""}]"
/football/brazil/catarinense-u20/,Catarinense U20,39,Brazil,vV7zS9xn,MaqBc2ek,8lr9j6Kk,185,"[{""tournament_stage_id"": ""MaqBc2ek"", ""name"": ""Main""}]"
/football/brazil/cearense-u20/,Cearense U20,39,Brazil,lUj8ORyB,rwd1C1Ar,OzuUaRBL,185,"[{""tournament_stage_id"": ""rwd1C1Ar"", ""name"": ""Main""}]"
/football/brazil/gaucho-u20/,Gaucho U20,39,Brazil,jqad7FLa,dSpsgQOM,fDWohNY7,185,"[{""tournament_stage_id"": ""dSpsgQOM"", ""name"": ""Main""}]"
/football/brazil/goiano-u20/,Goiano U20,39,Brazil,KMQ8IqUp,rmmLU0WQ,CYrxH6B8,185,"[{""tournament_stage_id"": ""rmmLU0WQ"", ""name"": ""Main""}]"
/football/brazil/matogrossense-u20/,Matogrossense U20,39,Brazil,C0VBvRj4,tA90N9UH,nHflfrj5,182,"[{""tournament_stage_id"": ""tA90N9UH"", ""name"": ""Main""}, {""tournament_stage_id"": ""lzD8LmaU"", ""name"": ""Play Offs""}]"
/football/brazil/mineiro-u20/,Mineiro U20,39,Brazil,YRRSWMDj,jXpCiUTi,2FD7gEvP,185,"[{""tournament_stage_id"": ""jXpCiUTi"", ""name"": ""Main""}]"
/football/brazil/paraense-u20/,Paraense U20,39,Brazil,2qA0SVFF,vkq83WUI,KKFT9LZA,182,"[{""tournament_stage_id"": ""vkq83WUI"", ""name"": ""First stage""}, {""tournament_stage_id"": ""ADa2RZMP"", ""name"": ""Second stage""}, {""tournament_stage_id"": ""foyZLDpm"", ""name"": ""Play Offs""}]"
/football/brazil/paraibano-u20/,Paraibano U20,39,Brazil,txjPYwTa,dGhaCcIE,EJvPcQjt,182,"[{""tournament_stage_id"": ""dGhaCcIE"", ""name"": ""Main""}, {""tournament_stage_id"": ""C2i4lfQ7"", ""name"": ""Play Offs""}]"
/football/brazil/paranaense-u20/,Paranaense U20,39,Brazil,Ofoif4zA,tUkFt4Lj,YFarC3zn,185,"[{""tournament_stage_id"": ""tUkFt4Lj"", ""name"": ""Main""}]"
/football/brazil/paulista-u20/,Paulista U20,39,Brazil,lSc8hr5M,WOBZ0PCM,WtWgNkIr,182,"[{""tournament_stage_id"": ""WOBZ0PCM"", ""name"": ""Main""}, {""tournament_stage_id"": ""fo78Hpc3"", ""name"": ""Play Offs""}]"
/football/brazil/pernambucano-u20/,Pernambucano U20,39,Brazil,fXx9n0cd,dhQ0Hy3K,fq1EOIYM,182,"[{""tournament_stage_id"": ""dhQ0Hy3K"", ""name"": ""Main""}, {""tournament_stage_id"": ""hOBWBFQs"", ""name"": ""Play Offs""}]"
/football/brazil/potiguar-u20/,Potiguar U20,39,Brazil,SnF9GvuB,MFudzevm,japIvImG,182,"[{""tournament_stage_id"": ""MFudzevm"", ""name"": ""Main""}, {""tournament_stage_id"": ""nmhDYY8a"", ""name"": ""Play Offs""}]"
/football/brazil/rondoniense-u20/,Rondoniense U20,39,Brazil,OpFMdSfk,GvMFmaFd,MJh1r0li,182,"[{""tournament_stage_id"": ""GvMFmaFd"", ""name"": ""Main""}, {""tournament_stage_id"": ""KvVd1FlJ"", ""name"": ""Play Offs""}]"
/football/brazil/sergipano-u20/,Sergipano U20,39,Brazil,MasLKMhD,bNyVPDqB,rcaEcIAm,182,"[{""tournament_stage_id"": ""bNyVPDqB"", ""name"": ""Main""}, {""tournament_stage_id"": ""4M3275Tq"", ""name"": ""Play Offs""}]"
/football/brazil/sul-matogrossense-u20/,Sul-Matogrossense U20,39,Brazil,ltaQ9sKF,GAtINhAm,U3pU3wSp,182,"[{""tournament_stage_id"": ""GAtINhAm"", ""name"": ""Main""}, {""tournament_stage_id"": ""ht3YLWv0"", ""name"": ""Play Offs""}]"
/football/brazil/copinha/,Copinha,39,Brazil,pd2D2aCk,44z6M0jt,EcKec6pj,185,"[{""tournament_stage_id"": ""44z6M0jt"", ""name"": ""Main""}, {""tournament_stage_id"": ""CUwEKvLh"", ""name"": ""Play Offs""}]"
/football/brazil/kings-league-brazil/,Kings League - Brazil,39,Brazil,G60mIGGt,C2wyFGUp,K0D5swCi,187,"[{""tournament_stage_id"": ""C2wyFGUp"", ""name"": ""Main""}]"
/football/brazil/kings-cup/,Kings Cup,39,Brazil,EBydq44T,p0eAh9qf,2mgOq7mL,182,"[{""tournament_stage_id"": ""p0eAh9qf"", ""name"": ""Main""}, {""tournament_stage_id"": ""jcbIjmE6"", ""name"": ""Play Offs""}]"
/football/brazil/copinha-women/,Copinha Women,39,Brazil,EJs7jSte,hEQS6SHt,IuqN7nef,182,"[{""tournament_stage_id"": ""hEQS6SHt"", ""name"": ""Main""}, {""tournament_stage_id"": ""0vUz56ng"", ""name"": ""Play Offs""}]"
/football/brazil/brasileiro-women/,Brasileiro Women,39,Brazil,WG0s2ws2,CEeVIIk5,U9RaeP9S,185,"[{""tournament_stage_id"": ""CEeVIIk5"", ""name"": ""Main""}]"
/football/brazil/brasileiro-a2-women/,Brasileiro A2 Women,39,Brazil,lE6xQtZ8,juPwFzkU,8v9CMAZj,185,"[{""tournament_stage_id"": ""juPwFzkU"", ""name"": ""Main""}]"
/football/brazil/brasileiro-a3-women/,Brasileiro A3 Women,39,Brazil,butm7Cmf,IJrLVeZA,fZBv0k32,185,"[{""tournament_stage_id"": ""IJrLVeZA"", ""name"": ""Main""}]"
/football/brazil/supercopa-do-brasil-women/,Supercopa do Brasil Women,39,Brazil,SKX33UnJ,r5b1BRmd,fLfLpP72,185,"[{""tournament_stage_id"": ""r5b1BRmd"", ""name"": ""Main""}]"
/football/brazil/brasileiro-u20-women/,Brasileiro U20 Women,39,Brazil,nPFIUxko,6aJYAJNh,AmFSDyn1,185,"[{""tournament_stage_id"": ""AXPPCugt"", ""name"": ""Main""}, {""tournament_stage_id"": ""6aJYAJNh"", ""name"": ""Play Offs""}]"
/football/brazil/acreano-women/,Acreano Women,39,Brazil,K0laGX1B,zZ1T9Yec,4220i5ue,182,"[{""tournament_stage_id"": ""zZ1T9Yec"", ""name"": ""Main""}, {""tournament_stage_id"": ""W0ex8CQ9"", ""name"": ""Play Offs""}]"
/football/brazil/alagoano-women/,Alagoano Women,39,Brazil,bTEnQddM,Ysmztcxg,2s6TD6HK,182,"[{""tournament_stage_id"": ""Ysmztcxg"", ""name"": ""Main""}, {""tournament_stage_id"": ""pQEjvy75"", ""name"": ""Play Offs""}]"
/football/brazil/amazonense-women/,Amazonense Women,39,Brazil,KxM3W496,fgeNcsLh,lvAdB39s,182,"[{""tournament_stage_id"": ""fgeNcsLh"", ""name"": ""Main""}, {""tournament_stage_id"": ""IXuRfLk5"", ""name"": ""Play Offs""}]"
/football/brazil/baiano-women/,Baiano Women,39,Brazil,Gj6K1P8t,ldn2DgBj,6TNk7awJ,182,"[{""tournament_stage_id"": ""ldn2DgBj"", ""name"": ""Main""}, {""tournament_stage_id"": ""p8cdyc3c"", ""name"": ""Play Offs""}]"
/football/brazil/brasiliense-women/,Brasiliense Women,39,Brazil,446iHS4e,zmczAod2,04SgPKNa,182,"[{""tournament_stage_id"": ""zmczAod2"", ""name"": ""Main""}, {""tournament_stage_id"": ""dtjTHcF8"", ""name"": ""Play Offs""}]"
/football/brazil/carioca-women/,Carioca Women,39,Brazil,jigeXaCj,l8OdG2yP,M3tdcUC9,182,"[{""tournament_stage_id"": ""l8OdG2yP"", ""name"": ""Main""}, {""tournament_stage_id"": ""44GNYqig"", ""name"": ""Play Offs""}]"
/football/brazil/capixaba-women/,Capixaba Women,39,Brazil,xlaMUZas,j7Duv5sn,pdKeGZ57,182,"[{""tournament_stage_id"": ""j7Duv5sn"", ""name"": ""Main""}, {""tournament_stage_id"": ""CM1lxqCb"", ""name"": ""Play Offs""}]"
/football/brazil/catarinense-women/,Catarinense Women,39,Brazil,nuCqaxBk,jBToda6E,Ucq5in5q,182,"[{""tournament_stage_id"": ""jBToda6E"", ""name"": ""Main""}, {""tournament_stage_id"": ""nwNffwyR"", ""name"": ""Play Offs""}]"
/football/brazil/cearense-women/,Cearense Women,39,Brazil,69bwYdHE,2Dk7Gp34,Myl8DTR2,182,"[{""tournament_stage_id"": ""2Dk7Gp34"", ""name"": ""Main""}, {""tournament_stage_id"": ""fmnaI6Yi"", ""name"": ""Play Offs""}]"
/football/brazil/gaucho-women/,Gaucho Women,39,Brazil,fydD3XKO,t4GMiY4F,GMXsg3J1,182,"[{""tournament_stage_id"": ""t4GMiY4F"", ""name"": ""Main""}, {""tournament_stage_id"": ""tlYwjCZR"", ""name"": ""Play Offs""}]"
/football/brazil/goiano-women/,Goiano Women,39,Brazil,x0TRENYq,KQDKPIGb,t0qDgPlk,182,"[{""tournament_stage_id"": ""KQDKPIGb"", ""name"": ""First stage""}, {""tournament_stage_id"": ""pbQyOdoB"", ""name"": ""Second stage""}]"
/football/brazil/maranhense-women/,Maranhense Women,39,Brazil,xxqByIW7,vuxt7bBC,U1FaezAC,182,"[{""tournament_stage_id"": ""vuxt7bBC"", ""name"": ""Main""}, {""tournament_stage_id"": ""Chzl5xtP"", ""name"": ""Play Offs""}]"
/football/brazil/matogrossense-women/,Matogrossense Women,39,Brazil,zwvTeCNt,bq9sLIs3,48XyeOza,182,"[{""tournament_stage_id"": ""bq9sLIs3"", ""name"": ""Main""}, {""tournament_stage_id"": ""Wd7kJdCF"", ""name"": ""Play Offs""}]"
/football/brazil/mineiro-women/,Mineiro Women,39,Brazil,84H8tYPp,f1JnisOb,jRbvbxQg,182,"[{""tournament_stage_id"": ""f1JnisOb"", ""name"": ""Main""}, {""tournament_stage_id"": ""KYV3kLhB"", ""name"": ""Play Offs""}]"
/football/brazil/paraense-women/,Paraense Women,39,Brazil,tthc6uaD,zw2dV8TH,2amHA1K4,182,"[{""tournament_stage_id"": ""zw2dV8TH"", ""name"": ""Main""}, {""tournament_stage_id"": ""W4e5TnbU"", ""name"": ""Play Offs""}]"
/football/brazil/paraibano-women/,Paraibano Women,39,Brazil,jXzakaDt,jLIdPz2K,8tvTdp6n,182,"[{""tournament_stage_id"": ""jLIdPz2K"", ""name"": ""Main""}, {""tournament_stage_id"": ""zgfTJEPs"", ""name"": ""Play Offs""}]"
/football/brazil/paranaense-women/,Paranaense Women,39,Brazil,WffWqesI,fN06Vi9m,YygIgMKH,182,"[{""tournament_stage_id"": ""fN06Vi9m"", ""name"": ""Main""}, {""tournament_stage_id"": ""KfDNTVw0"", ""name"": ""Play Offs""}]"
/football/brazil/paulista-women/,Paulista Women,39,Brazil,vk6fFXvQ,2V4dZUu3,rZtAtvJ3,182,"[{""tournament_stage_id"": ""2V4dZUu3"", ""name"": ""Main""}, {""tournament_stage_id"": ""Ae84X8AF"", ""name"": ""Play Offs""}]"
/football/brazil/pernambucano-women/,Pernambucano Women,39,Brazil,4t2M6Ovq,Iydoz4IO,0M1APbJG,182,"[{""tournament_stage_id"": ""Iydoz4IO"", ""name"": ""Main""}, {""tournament_stage_id"": ""0Kk4f73t"", ""name"": ""Play Offs""}]"
/football/brazil/piauiense-women/,Piauiense Women,39,Brazil,WQ0gI94s,zq5zAAae,lUjPRtKi,182,"[{""tournament_stage_id"": ""zq5zAAae"", ""name"": ""Main""}, {""tournament_stage_id"": ""tt8r8lU7"", ""name"": ""Play Offs""}]"
/football/brazil/potiguar-women/,Potiguar Women,39,Brazil,ltArXaPi,K4WcpCh5,dxoEubY9,182,"[{""tournament_stage_id"": ""K4WcpCh5"", ""name"": ""Main""}, {""tournament_stage_id"": ""tKK6rjNH"", ""name"": ""Play Offs""}]"
/football/brazil/rondoniense-women/,Rondoniense Women,39,Brazil,zRZQGmnL,I9yqzsml,6J4INxlT,182,"[{""tournament_stage_id"": ""I9yqzsml"", ""name"": ""Main""}, {""tournament_stage_id"": ""OMfErQzf"", ""name"": ""Play Offs""}]"
/football/brazil/sergipano-women/,Sergipano Women,39,Brazil,tSz5WaxJ,0pewYsSr,6aUYboRR,182,"[{""tournament_stage_id"": ""0pewYsSr"", ""name"": ""Main""}, {""tournament_stage_id"": ""YcgoWLde"", ""name"": ""Play Offs""}]"
/football/brazil/sul-matogrossense-women/,Sul-Matogrossense Women,39,Brazil,SbmJuUKj,lEwgk7go,2q5Y8ukH,182,"[{""tournament_stage_id"": ""lEwgk7go"", ""name"": ""Main""}]"
/football/brazil/copa-do-brasil-women/,Copa do Brasil Women,39,Brazil,h4aLYPi2,4jVWsYBC,z7AqHW5F,185,"[{""tournament_stage_id"": ""4jVWsYBC"", ""name"": ""Main""}]"
/football/brazil/copa-paulista-women/,Copa Paulista Women,39,Brazil,rJHNVL8r,rqiP2tie,vDIPEJQc,182,"[{""tournament_stage_id"": ""rqiP2tie"", ""name"": ""Main""}]"
/football/brazil/copa-rio-women/,Copa Rio Women,39,Brazil,ARcC7T1C,xtBfn8P8,MNShyaa1,185,"[{""tournament_stage_id"": ""xtBfn8P8"", ""name"": ""Main""}]"
